Date,VIX
02-10-2000,21.23
03-10-2000,21.85
04-10-2000,21.540001
05-10-2000,21.030001
06-10-2000,22.709999
09-10-2000,24.02
10-10-2000,24.860001
11-10-2000,26.57
12-10-2000,30.51
13-10-2000,27.6
16-10-2000,26.790001
17-10-2000,27.84
18-10-2000,28.719999
19-10-2000,25.09
20-10-2000,24.24
23-10-2000,24.690001
24-10-2000,24.280001
25-10-2000,26.65
26-10-2000,28.620001
27-10-2000,26.469999
30-10-2000,25.459999
31-10-2000,23.629999
01-11-2000,24.280001
02-11-2000,23.92
03-11-2000,23.67
06-11-2000,24.52
07-11-2000,24.91
08-11-2000,25.66
09-11-2000,27.200001
10-11-2000,28.530001
13-11-2000,29.059999
14-11-2000,26.809999
15-11-2000,26.15
16-11-2000,25.049999
17-11-2000,24.809999
20-11-2000,27.43
21-11-2000,26.620001
22-11-2000,27.709999
24-11-2000,26
27-11-2000,26.93
28-11-2000,27.639999
29-11-2000,27.49
30-11-2000,29.65
01-12-2000,27.48
04-12-2000,27.780001
05-12-2000,24.99
06-12-2000,25.07
07-12-2000,25.34
08-12-2000,22.41
11-12-2000,23.51
12-12-2000,24.879999
13-12-2000,23.629999
14-12-2000,24.860001
15-12-2000,26.549999
18-12-2000,27.700001
19-12-2000,27.17
20-12-2000,31.74
21-12-2000,29.66
22-12-2000,27.549999
26-12-2000,28.73
27-12-2000,28.139999
28-12-2000,26.57
29-12-2000,26.85
02-01-2001,29.99
03-01-2001,26.6
04-01-2001,26.969999
05-01-2001,28.67
08-01-2001,29.84
09-01-2001,27.99
10-01-2001,26.799999
11-01-2001,25.790001
12-01-2001,24.559999
16-01-2001,25.280001
17-01-2001,24.93
18-01-2001,23.370001
19-01-2001,23.24
22-01-2001,23.25
23-01-2001,21.57
24-01-2001,22.030001
25-01-2001,22.639999
26-01-2001,22.57
29-01-2001,22.610001
30-01-2001,22.57
31-01-2001,22.02
01-02-2001,21.66
02-02-2001,21.950001
05-02-2001,22.190001
06-02-2001,21.98
07-02-2001,21.67
08-02-2001,21.459999
09-02-2001,22.030001
12-02-2001,21.92
13-02-2001,21.370001
14-02-2001,21.52
15-02-2001,20.27
16-02-2001,22.120001
20-02-2001,24.690001
21-02-2001,25.75
22-02-2001,26.76
23-02-2001,27.209999
26-02-2001,25.43
27-02-2001,26.49
28-02-2001,28.35
01-03-2001,28.08
02-03-2001,27.43
05-03-2001,27.120001
06-03-2001,25.889999
07-03-2001,24.120001
08-03-2001,24.290001
09-03-2001,25.620001
12-03-2001,30.32
13-03-2001,27.549999
14-03-2001,29.610001
15-03-2001,28.559999
16-03-2001,29.91
19-03-2001,29.780001
20-03-2001,30.959999
21-03-2001,31.93
22-03-2001,32.84
23-03-2001,30.450001
26-03-2001,29.040001
27-03-2001,27.040001
28-03-2001,28.58
29-03-2001,29.17
30-03-2001,28.639999
02-04-2001,31.209999
03-04-2001,34.720001
04-04-2001,34.07
05-04-2001,29.940001
06-04-2001,31.690001
09-04-2001,31.91
10-04-2001,29.440001
11-04-2001,28.459999
12-04-2001,26.120001
16-04-2001,26.33
17-04-2001,25.610001
18-04-2001,24.129999
19-04-2001,24.16
20-04-2001,25.379999
23-04-2001,28.16
24-04-2001,28.49
25-04-2001,27.4
26-04-2001,25.959999
27-04-2001,24.02
30-04-2001,25.48
01-05-2001,24.200001
02-05-2001,24.23
03-05-2001,25.780001
04-05-2001,23.91
07-05-2001,24.860001
08-05-2001,24.440001
09-05-2001,24.35
10-05-2001,24
11-05-2001,23.540001
14-05-2001,24.26
15-05-2001,23.709999
16-05-2001,21.889999
17-05-2001,21.469999
18-05-2001,21.23
21-05-2001,20.76
22-05-2001,21.35
23-05-2001,22.08
24-05-2001,20.57
25-05-2001,20.6
29-05-2001,22.139999
30-05-2001,22.76
31-05-2001,22.639999
01-06-2001,21.59
04-06-2001,21.379999
05-06-2001,19.58
06-06-2001,20.389999
07-06-2001,19.67
08-06-2001,19.92
11-06-2001,20.700001
12-06-2001,20.700001
13-06-2001,21.450001
14-06-2001,23.120001
15-06-2001,22.809999
18-06-2001,23.17
19-06-2001,22.34
20-06-2001,21.709999
21-06-2001,19.379999
22-06-2001,20.02
25-06-2001,20.67
26-06-2001,21.200001
27-06-2001,20.879999
28-06-2001,20.01
29-06-2001,19.059999
02-07-2001,18.76
03-07-2001,18.92
05-07-2001,20.09
06-07-2001,21.629999
09-07-2001,22.48
10-07-2001,23.25
11-07-2001,24.01
12-07-2001,22.09
13-07-2001,21.139999
16-07-2001,22.91
17-07-2001,22.610001
18-07-2001,23.6
19-07-2001,22.51
20-07-2001,22.34
23-07-2001,23.74
24-07-2001,25.24
25-07-2001,24
26-07-2001,23.01
27-07-2001,22
30-07-2001,22.690001
31-07-2001,21.620001
01-08-2001,20.559999
02-08-2001,20.09
03-08-2001,19.889999
06-08-2001,21.889999
07-08-2001,21.01
08-08-2001,22.32
09-08-2001,21.75
10-08-2001,20.549999
13-08-2001,20.42
14-08-2001,20.48
15-08-2001,20.91
16-08-2001,21.540001
17-08-2001,23.84
20-08-2001,22.870001
21-08-2001,24.4
22-08-2001,22.440001
23-08-2001,22.23
24-08-2001,19.709999
27-08-2001,20.559999
28-08-2001,22
29-08-2001,23.030001
30-08-2001,25.41
31-08-2001,24.92
04-09-2001,25.85
05-09-2001,26.35
06-09-2001,28.610001
07-09-2001,30.99
10-09-2001,31.84
17-09-2001,41.759998
18-09-2001,38.869999
19-09-2001,40.560001
20-09-2001,43.740002
21-09-2001,42.66
24-09-2001,37.75
25-09-2001,35.810001
26-09-2001,35.259998
27-09-2001,34
28-09-2001,31.93
01-10-2001,32.32
02-10-2001,31.18
03-10-2001,31.34
04-10-2001,31.969999
05-10-2001,33.389999
08-10-2001,35.119999
09-10-2001,34.830002
10-10-2001,31.6
11-10-2001,31.5
12-10-2001,35.27
15-10-2001,35.310001
16-10-2001,32.880001
17-10-2001,35.080002
18-10-2001,34.950001
19-10-2001,34.110001
22-10-2001,32.25
23-10-2001,32
24-10-2001,30.950001
25-10-2001,29.459999
26-10-2001,28.42
29-10-2001,31.639999
30-10-2001,33.459999
31-10-2001,33.560001
01-11-2001,32.310001
02-11-2001,30.709999
05-11-2001,30.5
06-11-2001,28.799999
07-11-2001,29.129999
08-11-2001,28.620001
09-11-2001,27.440001
12-11-2001,29.35
13-11-2001,26.469999
14-11-2001,26.559999
15-11-2001,25.559999
16-11-2001,25.07
19-11-2001,24.459999
20-11-2001,24.120001
21-11-2001,24.190001
23-11-2001,23.25
26-11-2001,23.790001
27-11-2001,24
28-11-2001,25.9
29-11-2001,25.18
30-11-2001,23.84
03-12-2001,25.77
04-12-2001,24.08
05-12-2001,23.02
06-12-2001,23.709999
07-12-2001,23.49
10-12-2001,25.620001
11-12-2001,25.299999
12-12-2001,24.870001
13-12-2001,25.91
14-12-2001,24.629999
17-12-2001,24.26
18-12-2001,23.290001
19-12-2001,22.58
20-12-2001,23.67
21-12-2001,22.5
24-12-2001,22.620001
26-12-2001,22.290001
27-12-2001,21.59
28-12-2001,21.4
31-12-2001,23.799999
02-01-2002,22.709999
03-01-2002,21.34
04-01-2002,20.450001
07-01-2002,21.940001
08-01-2002,21.83
09-01-2002,22.129999
10-01-2002,22.360001
11-01-2002,22.6
14-01-2002,23.58
15-01-2002,22.700001
16-01-2002,23.450001
17-01-2002,22.25
18-01-2002,22.52
22-01-2002,23.610001
23-01-2002,21.879999
24-01-2002,21.15
25-01-2002,21.01
28-01-2002,21.139999
29-01-2002,24.35
30-01-2002,23.219999
31-01-2002,21.09
01-02-2002,21.120001
04-02-2002,24.870001
05-02-2002,25.450001
06-02-2002,26.09
07-02-2002,25.110001
08-02-2002,23.26
11-02-2002,21.780001
12-02-2002,21.620001
13-02-2002,20.85
14-02-2002,21.77
15-02-2002,22.370001
19-02-2002,24.43
20-02-2002,22.66
21-02-2002,23.799999
22-02-2002,22.860001
25-02-2002,21.84
26-02-2002,21.68
27-02-2002,21.49
28-02-2002,21.59
01-03-2002,19.959999
04-03-2002,20.5
05-03-2002,20.299999
06-03-2002,19.940001
07-03-2002,20.040001
08-03-2002,19.27
11-03-2002,19.84
12-03-2002,19.59
13-03-2002,19.459999
14-03-2002,19.200001
15-03-2002,18.42
18-03-2002,18.93
19-03-2002,18.16
20-03-2002,18.459999
21-03-2002,18.15
22-03-2002,17.77
25-03-2002,18.48
26-03-2002,18.129999
27-03-2002,17.700001
28-03-2002,17.4
01-04-2002,18.73
02-04-2002,19.16
03-04-2002,20.200001
04-04-2002,19.780001
05-04-2002,19.129999
08-04-2002,19.610001
09-04-2002,19.469999
10-04-2002,18.190001
11-04-2002,20.299999
12-04-2002,19.42
15-04-2002,19.82
16-04-2002,18.110001
17-04-2002,18.43
18-04-2002,19.290001
19-04-2002,18.299999
22-04-2002,19.77
23-04-2002,20.280001
24-04-2002,20.77
25-04-2002,20.950001
26-04-2002,22.139999
29-04-2002,24.049999
30-04-2002,21.91
01-05-2002,20.059999
02-05-2002,20.07
03-05-2002,20.190001
06-05-2002,22.559999
07-05-2002,21.940001
08-05-2002,20.389999
09-05-2002,21.559999
10-05-2002,22.41
13-05-2002,20.719999
14-05-2002,19.35
15-05-2002,19.190001
16-05-2002,18.5
17-05-2002,17.700001
20-05-2002,19.24
21-05-2002,20.049999
22-05-2002,19.58
23-05-2002,18.23
24-05-2002,18.9
28-05-2002,20.309999
29-05-2002,20.389999
30-05-2002,20.610001
31-05-2002,19.98
03-06-2002,23.370001
04-06-2002,23.889999
05-06-2002,22.610001
06-06-2002,24.16
07-06-2002,23.51
10-06-2002,23.719999
11-06-2002,24.450001
12-06-2002,24.15
13-06-2002,25.02
14-06-2002,25.959999
17-06-2002,24.639999
18-06-2002,24.24
19-06-2002,26.059999
20-06-2002,27.48
21-06-2002,27.23
24-06-2002,26.98
25-06-2002,27.84
26-06-2002,28.42
27-06-2002,26.290001
28-06-2002,25.4
01-07-2002,27.110001
02-07-2002,28.959999
03-07-2002,29.42
05-07-2002,27.110001
08-07-2002,28.25
09-07-2002,30.219999
10-07-2002,34.099998
11-07-2002,33.849998
12-07-2002,32.939999
15-07-2002,35.029999
16-07-2002,36.650002
17-07-2002,35.450001
18-07-2002,35.119999
19-07-2002,38.169998
22-07-2002,41.869999
23-07-2002,44.919998
24-07-2002,39.860001
25-07-2002,39.27
26-07-2002,35.509998
29-07-2002,31.33
30-07-2002,31.92
31-07-2002,32.029999
01-08-2002,36.950001
02-08-2002,41.290001
05-08-2002,45.080002
06-08-2002,42.029999
07-08-2002,38.73
08-08-2002,36.330002
09-08-2002,35.330002
12-08-2002,37.049999
13-08-2002,35.82
14-08-2002,32.360001
15-08-2002,29.43
16-08-2002,28.809999
19-08-2002,28.610001
20-08-2002,29.59
21-08-2002,28.23
22-08-2002,27.75
23-08-2002,29.32
26-08-2002,29.889999
27-08-2002,30.110001
28-08-2002,33.32
29-08-2002,33.669998
30-08-2002,32.639999
03-09-2002,39.970001
04-09-2002,37.439999
05-09-2002,38.860001
06-09-2002,36.330002
09-09-2002,36.450001
10-09-2002,35.080002
11-09-2002,34.810001
12-09-2002,37.5
13-09-2002,35.82
16-09-2002,36.740002
17-09-2002,38.009998
18-09-2002,37.52
19-09-2002,40.650002
20-09-2002,38.98
23-09-2002,39.68
24-09-2002,40.52
25-09-2002,37.330002
26-09-2002,34.599998
27-09-2002,36.970001
30-09-2002,39.689999
01-10-2002,34.119999
02-10-2002,36.830002
03-10-2002,37.310001
04-10-2002,39.459999
07-10-2002,42.639999
08-10-2002,41.02
09-10-2002,42.130001
10-10-2002,37.549999
11-10-2002,35.700001
14-10-2002,36.040001
15-10-2002,34.02
16-10-2002,36
17-10-2002,34.099998
18-10-2002,33.529999
21-10-2002,33.110001
22-10-2002,34.09
23-10-2002,33.200001
24-10-2002,34.029999
25-10-2002,30
28-10-2002,31.07
29-10-2002,32.27
30-10-2002,31.23
31-10-2002,31.139999
01-11-2002,29.299999
04-11-2002,30.82
05-11-2002,31.23
06-11-2002,30.73
07-11-2002,31.42
08-11-2002,29.41
11-11-2002,31.299999
12-11-2002,30.58
13-11-2002,31.24
14-11-2002,28.67
15-11-2002,26.65
18-11-2002,27.66
19-11-2002,27.41
20-11-2002,25.32
21-11-2002,23.809999
22-11-2002,23.16
25-11-2002,24.07
26-11-2002,25.969999
27-11-2002,27.25
29-11-2002,27.5
02-12-2002,27.459999
03-12-2002,28.33
04-12-2002,28.92
05-12-2002,30.1
06-12-2002,28.879999
09-12-2002,30.780001
10-12-2002,28.76
11-12-2002,27.76
12-12-2002,27.290001
13-12-2002,28.18
16-12-2002,26.24
17-12-2002,26.66
18-12-2002,28.290001
19-12-2002,30.209999
20-12-2002,26.709999
23-12-2002,26.200001
24-12-2002,26.49
26-12-2002,27.370001
27-12-2002,29.549999
30-12-2002,29.620001
31-12-2002,28.620001
02-01-2003,25.389999
03-01-2003,24.68
06-01-2003,24.91
07-01-2003,25.129999
08-01-2003,25.530001
09-01-2003,24.25
10-01-2003,24.32
13-01-2003,24.9
14-01-2003,24.57
15-01-2003,25.51
16-01-2003,25.01
17-01-2003,25.700001
21-01-2003,27.59
22-01-2003,29.01
23-01-2003,27.530001
24-01-2003,31.51
27-01-2003,34.689999
28-01-2003,31.93
29-01-2003,31.26
30-01-2003,31.32
31-01-2003,31.17
03-02-2003,31.02
04-02-2003,32.759998
05-02-2003,33.040001
06-02-2003,33.349998
07-02-2003,34.009998
10-02-2003,33.990002
11-02-2003,33.68
12-02-2003,34.330002
13-02-2003,33.700001
14-02-2003,32.619999
18-02-2003,31.110001
19-02-2003,31.309999
20-02-2003,31.16
21-02-2003,30.25
24-02-2003,31.98
25-02-2003,31.74
26-02-2003,31.940001
27-02-2003,30.530001
28-02-2003,29.629999
03-03-2003,30.43
04-03-2003,31.83
05-03-2003,30.379999
06-03-2003,31.370001
07-03-2003,31.08
10-03-2003,33.310001
11-03-2003,33.610001
12-03-2003,33.509998
13-03-2003,31.76
14-03-2003,30.98
17-03-2003,31.75
18-03-2003,30.43
19-03-2003,31.540001
20-03-2003,30.440001
21-03-2003,28.67
24-03-2003,30.389999
25-03-2003,28.75
26-03-2003,28.23
27-03-2003,27.959999
28-03-2003,27.75
31-03-2003,29.15
01-04-2003,28.360001
02-04-2003,28.02
03-04-2003,28.209999
04-04-2003,29.129999
07-04-2003,28.450001
08-04-2003,27.129999
09-04-2003,27.110001
10-04-2003,25.6
11-04-2003,24.440001
14-04-2003,23.41
15-04-2003,22.559999
16-04-2003,22.52
17-04-2003,21.5
21-04-2003,21.950001
22-04-2003,20.700001
23-04-2003,20.799999
24-04-2003,20.33
25-04-2003,20.799999
28-04-2003,20.84
29-04-2003,20.76
30-04-2003,21.209999
01-05-2003,21.59
02-05-2003,20.629999
05-05-2003,21.129999
06-05-2003,20.799999
07-05-2003,21
08-05-2003,21.24
09-05-2003,19.690001
12-05-2003,19.52
13-05-2003,19.91
14-05-2003,20
15-05-2003,19.24
16-05-2003,18.4
19-05-2003,20.51
20-05-2003,21.290001
21-05-2003,21.209999
22-05-2003,19.780001
23-05-2003,19.17
27-05-2003,19.99
28-05-2003,20.030001
29-05-2003,20.43
30-05-2003,19.469999
02-06-2003,20.85
03-06-2003,20.84
04-06-2003,20.620001
05-06-2003,20.83
06-06-2003,21.25
09-06-2003,22.15
10-06-2003,20.639999
11-06-2003,20.209999
12-06-2003,20.41
13-06-2003,20.66
16-06-2003,20.219999
17-06-2003,20.01
18-06-2003,19.76
19-06-2003,19.799999
20-06-2003,19.139999
23-06-2003,20.58
24-06-2003,20.75
25-06-2003,20.809999
26-06-2003,19.4
27-06-2003,19.16
30-06-2003,19.52
01-07-2003,19.459999
02-07-2003,19.030001
03-07-2003,19.389999
07-07-2003,20.059999
08-07-2003,19.48
09-07-2003,18.93
10-07-2003,19.190001
11-07-2003,18.469999
14-07-2003,19.59
15-07-2003,19.549999
16-07-2003,19.76
17-07-2003,20.219999
18-07-2003,19.110001
21-07-2003,19.780001
22-07-2003,19.17
23-07-2003,18.639999
24-07-2003,18.6
25-07-2003,17.75
28-07-2003,18.360001
29-07-2003,18.67
30-07-2003,18.85
31-07-2003,19.49
01-08-2003,20.75
04-08-2003,21.27
05-08-2003,22.68
06-08-2003,21.5
07-08-2003,20.26
08-08-2003,19.59
11-08-2003,19.75
12-08-2003,17.940001
13-08-2003,18.77
14-08-2003,18.469999
15-08-2003,18.27
18-08-2003,18.18
19-08-2003,17.860001
20-08-2003,17.82
21-08-2003,17.84
22-08-2003,18.549999
25-08-2003,19.530001
26-08-2003,19.49
27-08-2003,19.129999
28-08-2003,18.48
29-08-2003,18.629999
02-09-2003,19.02
03-09-2003,19.440001
04-09-2003,18.709999
05-09-2003,18.17
08-09-2003,18.26
09-09-2003,18.85
10-09-2003,20.01
11-09-2003,19.25
12-09-2003,18.68
15-09-2003,19.280001
16-09-2003,18.030001
17-09-2003,18.15
18-09-2003,17.57
19-09-2003,17.540001
22-09-2003,19.65
23-09-2003,19.469999
24-09-2003,21.219999
25-09-2003,22.26
26-09-2003,22.23
29-09-2003,21.67
30-09-2003,22.719999
01-10-2003,21.07
02-10-2003,20.799999
03-10-2003,19.5
06-10-2003,19.51
07-10-2003,19.41
08-10-2003,19.18
09-10-2003,18.82
10-10-2003,18.450001
13-10-2003,17.549999
14-10-2003,17.370001
15-10-2003,17.690001
16-10-2003,17.190001
17-10-2003,17.620001
20-10-2003,17.040001
21-10-2003,16.549999
22-10-2003,17.67
23-10-2003,17.68
24-10-2003,17.709999
27-10-2003,18.049999
28-10-2003,16.82
29-10-2003,16.43
30-10-2003,16.33
31-10-2003,16.1
03-11-2003,16.549999
04-11-2003,16.549999
05-11-2003,16.860001
06-11-2003,16.74
07-11-2003,16.93
10-11-2003,17.620001
11-11-2003,17.540001
12-11-2003,16.75
13-11-2003,16.469999
14-11-2003,16.940001
17-11-2003,18.6
18-11-2003,19.110001
19-11-2003,18.799999
20-11-2003,19.48
21-11-2003,18.98
24-11-2003,17.440001
25-11-2003,16.709999
26-11-2003,16.23
28-11-2003,16.32
01-12-2003,16.77
02-12-2003,16.27
03-12-2003,16.629999
04-12-2003,16.299999
05-12-2003,17.09
08-12-2003,16.540001
09-12-2003,17.629999
10-12-2003,17.870001
11-12-2003,16.73
12-12-2003,16.41
15-12-2003,17.23
16-12-2003,15.93
17-12-2003,15.58
18-12-2003,16.16
19-12-2003,16.42
22-12-2003,16.940001
23-12-2003,16.49
24-12-2003,16.66
26-12-2003,17.450001
29-12-2003,17.09
30-12-2003,17.68
31-12-2003,18.309999
02-01-2004,18.219999
05-01-2004,17.49
06-01-2004,16.73
07-01-2004,15.5
08-01-2004,15.61
09-01-2004,16.75
12-01-2004,16.82
13-01-2004,18.040001
14-01-2004,16.75
15-01-2004,15.56
16-01-2004,15
20-01-2004,15.21
21-01-2004,14.34
22-01-2004,14.71
23-01-2004,14.84
26-01-2004,14.55
27-01-2004,15.35
28-01-2004,16.780001
29-01-2004,17.139999
30-01-2004,16.629999
02-02-2004,17.110001
03-02-2004,17.34
04-02-2004,17.870001
05-02-2004,17.709999
06-02-2004,16
09-02-2004,16.389999
10-02-2004,15.94
11-02-2004,15.39
12-02-2004,15.31
13-02-2004,15.58
17-02-2004,15.4
18-02-2004,15.59
19-02-2004,15.8
20-02-2004,16.040001
23-02-2004,16.290001
24-02-2004,15.9
25-02-2004,14.93
26-02-2004,14.83
27-02-2004,14.55
01-03-2004,14.44
02-03-2004,14.86
03-03-2004,14.55
04-03-2004,14.4
05-03-2004,14.48
08-03-2004,15.79
09-03-2004,16.6
10-03-2004,18.67
11-03-2004,20.67
12-03-2004,18.299999
15-03-2004,21.129999
16-03-2004,20.34
17-03-2004,18.110001
18-03-2004,18.530001
19-03-2004,19.15
22-03-2004,21.58
23-03-2004,20.67
24-03-2004,19.809999
25-03-2004,17.879999
26-03-2004,17.33
29-03-2004,16.5
30-03-2004,16.280001
31-03-2004,16.74
01-04-2004,16.65
02-04-2004,15.64
05-04-2004,14.97
06-04-2004,15.32
07-04-2004,15.76
08-04-2004,16.26
12-04-2004,15.28
13-04-2004,17.26
14-04-2004,15.62
15-04-2004,15.74
16-04-2004,14.94
19-04-2004,15.42
20-04-2004,16.67
21-04-2004,15.6
22-04-2004,14.61
23-04-2004,14.01
26-04-2004,14.77
27-04-2004,15.07
28-04-2004,16.290001
29-04-2004,16.6
30-04-2004,17.190001
03-05-2004,16.620001
04-05-2004,16.549999
05-05-2004,15.77
06-05-2004,17.049999
07-05-2004,18.129999
10-05-2004,19.77
11-05-2004,18.57
12-05-2004,18.139999
13-05-2004,18.860001
14-05-2004,18.469999
17-05-2004,19.959999
18-05-2004,19.33
19-05-2004,18.93
20-05-2004,18.67
21-05-2004,18.49
24-05-2004,18.08
25-05-2004,15.96
26-05-2004,15.97
27-05-2004,15.28
28-05-2004,15.5
01-06-2004,16.299999
02-06-2004,16.08
03-06-2004,17.030001
04-06-2004,16.780001
07-06-2004,15.39
08-06-2004,15.01
09-06-2004,15.39
10-06-2004,15.04
14-06-2004,16.07
15-06-2004,15.05
16-06-2004,14.79
17-06-2004,15.15
18-06-2004,14.99
21-06-2004,15.26
22-06-2004,14.31
23-06-2004,13.98
24-06-2004,14.81
25-06-2004,15.19
28-06-2004,16.07
29-06-2004,15.47
30-06-2004,14.34
01-07-2004,15.2
02-07-2004,15.08
06-07-2004,16.25
07-07-2004,15.81
08-07-2004,16.200001
09-07-2004,15.78
12-07-2004,14.96
13-07-2004,14.46
14-07-2004,13.76
15-07-2004,14.71
16-07-2004,14.34
19-07-2004,15.17
20-07-2004,14.17
21-07-2004,16.41
22-07-2004,15.75
23-07-2004,16.5
26-07-2004,17.299999
27-07-2004,16.549999
28-07-2004,16.15
29-07-2004,15.68
30-07-2004,15.32
02-08-2004,15.37
03-08-2004,16.030001
04-08-2004,16.209999
05-08-2004,18.32
06-08-2004,19.34
09-08-2004,18.889999
10-08-2004,17.469999
11-08-2004,18.040001
12-08-2004,19.08
13-08-2004,17.98
16-08-2004,17.57
17-08-2004,17.02
18-08-2004,16.23
19-08-2004,16.959999
20-08-2004,16
23-08-2004,15.88
24-08-2004,15.33
25-08-2004,14.98
26-08-2004,14.91
27-08-2004,14.71
30-08-2004,15.44
31-08-2004,15.29
01-09-2004,14.91
02-09-2004,14.28
03-09-2004,13.91
07-09-2004,14.07
08-09-2004,14.06
09-09-2004,14.01
10-09-2004,13.76
13-09-2004,13.17
14-09-2004,13.56
15-09-2004,14.64
16-09-2004,14.39
17-09-2004,14.03
20-09-2004,14.43
21-09-2004,13.66
22-09-2004,14.74
23-09-2004,14.8
24-09-2004,14.28
27-09-2004,14.62
28-09-2004,13.83
29-09-2004,13.21
30-09-2004,13.34
01-10-2004,12.75
04-10-2004,13.41
05-10-2004,13.95
06-10-2004,13.28
07-10-2004,14.5
08-10-2004,15.05
11-10-2004,14.71
12-10-2004,15.05
13-10-2004,15.42
14-10-2004,16.43
15-10-2004,15.04
18-10-2004,14.71
19-10-2004,15.13
20-10-2004,14.85
21-10-2004,14.54
22-10-2004,15.28
25-10-2004,16.58
26-10-2004,16.389999
27-10-2004,15.72
28-10-2004,15.39
29-10-2004,16.27
01-11-2004,16.27
02-11-2004,16.18
03-11-2004,14.04
04-11-2004,13.97
05-11-2004,13.84
08-11-2004,13.8
09-11-2004,13.61
10-11-2004,13.08
11-11-2004,13.04
12-11-2004,13.33
15-11-2004,13.38
16-11-2004,13.21
17-11-2004,13.21
18-11-2004,12.98
19-11-2004,13.5
22-11-2004,12.97
23-11-2004,12.67
24-11-2004,12.72
26-11-2004,12.78
29-11-2004,13.3
30-11-2004,13.24
01-12-2004,12.97
02-12-2004,12.98
03-12-2004,12.96
06-12-2004,13.19
07-12-2004,13.67
08-12-2004,13.19
09-12-2004,12.88
10-12-2004,12.76
13-12-2004,12.54
14-12-2004,12.73
15-12-2004,12.35
16-12-2004,12.27
17-12-2004,11.95
20-12-2004,11.83
21-12-2004,11.55
22-12-2004,11.45
23-12-2004,11.23
27-12-2004,12.14
28-12-2004,12
29-12-2004,11.62
30-12-2004,12.56
31-12-2004,13.29
03-01-2005,14.08
04-01-2005,13.98
05-01-2005,14.09
06-01-2005,13.58
07-01-2005,13.49
10-01-2005,13.23
11-01-2005,13.19
12-01-2005,12.56
13-01-2005,12.84
14-01-2005,12.43
18-01-2005,12.47
19-01-2005,13.18
20-01-2005,13.83
21-01-2005,14.36
24-01-2005,14.65
25-01-2005,14.06
26-01-2005,13.44
27-01-2005,13.24
28-01-2005,13.24
31-01-2005,12.82
01-02-2005,12.03
02-02-2005,11.66
03-02-2005,11.79
04-02-2005,11.21
07-02-2005,11.73
08-02-2005,11.6
09-02-2005,12
10-02-2005,11.51
11-02-2005,11.43
14-02-2005,11.52
15-02-2005,11.27
16-02-2005,11.1
17-02-2005,11.77
18-02-2005,11.18
22-02-2005,13.14
23-02-2005,12.39
24-02-2005,11.57
25-02-2005,11.49
28-02-2005,12.08
01-03-2005,12.04
02-03-2005,12.5
03-03-2005,12.93
04-03-2005,11.94
07-03-2005,12.26
08-03-2005,12.4
09-03-2005,12.7
10-03-2005,12.49
11-03-2005,12.8
14-03-2005,12.39
15-03-2005,13.15
16-03-2005,13.49
17-03-2005,13.29
18-03-2005,13.14
21-03-2005,13.61
22-03-2005,14.27
23-03-2005,14.06
24-03-2005,13.42
28-03-2005,13.75
29-03-2005,14.49
30-03-2005,13.64
31-03-2005,14.02
01-04-2005,14.09
04-04-2005,14.11
05-04-2005,13.68
06-04-2005,13.15
07-04-2005,12.33
08-04-2005,12.62
11-04-2005,11.98
12-04-2005,11.3
13-04-2005,13.31
14-04-2005,14.53
15-04-2005,17.74
18-04-2005,16.559999
19-04-2005,14.96
20-04-2005,16.92
21-04-2005,14.41
22-04-2005,15.38
25-04-2005,14.62
26-04-2005,14.91
27-04-2005,14.87
28-04-2005,16.860001
29-04-2005,15.31
02-05-2005,15.12
03-05-2005,14.53
04-05-2005,13.85
05-05-2005,13.98
06-05-2005,14.05
09-05-2005,13.75
10-05-2005,14.91
11-05-2005,14.45
12-05-2005,16.120001
13-05-2005,16.32
16-05-2005,15.68
17-05-2005,14.57
18-05-2005,13.63
19-05-2005,13.32
20-05-2005,13.14
23-05-2005,12.95
24-05-2005,12.69
25-05-2005,12.58
26-05-2005,12.24
27-05-2005,12.15
31-05-2005,13.29
01-06-2005,12.36
02-06-2005,11.84
03-06-2005,12.15
06-06-2005,12.28
07-06-2005,12.39
08-06-2005,12.7
09-06-2005,12.08
10-06-2005,11.96
13-06-2005,11.65
14-06-2005,11.79
15-06-2005,11.46
16-06-2005,11.15
17-06-2005,11.48
20-06-2005,11.47
21-06-2005,11.08
22-06-2005,11.05
23-06-2005,12.13
24-06-2005,12.18
27-06-2005,12.52
28-06-2005,11.58
29-06-2005,11.77
30-06-2005,12.04
01-07-2005,11.4
05-07-2005,11.68
06-07-2005,12.27
07-07-2005,12.49
08-07-2005,11.45
11-07-2005,11.28
12-07-2005,10.95
13-07-2005,10.84
14-07-2005,10.81
15-07-2005,10.33
18-07-2005,10.77
19-07-2005,10.45
20-07-2005,10.23
21-07-2005,10.97
22-07-2005,10.52
25-07-2005,11.1
26-07-2005,10.99
27-07-2005,10.36
28-07-2005,10.52
29-07-2005,11.57
01-08-2005,12.08
02-08-2005,11.75
03-08-2005,11.83
04-08-2005,12.52
05-08-2005,12.48
08-08-2005,13.21
09-08-2005,12.4
10-08-2005,12.38
11-08-2005,12.42
12-08-2005,12.74
15-08-2005,12.26
16-08-2005,13.52
17-08-2005,13.3
18-08-2005,13.42
19-08-2005,13.42
22-08-2005,13.42
23-08-2005,13.34
24-08-2005,14.17
25-08-2005,13.73
26-08-2005,13.72
29-08-2005,13.52
30-08-2005,13.65
31-08-2005,12.6
01-09-2005,13.15
02-09-2005,13.57
06-09-2005,12.93
07-09-2005,12.52
08-09-2005,12.93
09-09-2005,11.98
12-09-2005,11.65
13-09-2005,12.39
14-09-2005,12.91
15-09-2005,12.49
16-09-2005,11.22
19-09-2005,12.14
20-09-2005,12.64
21-09-2005,13.79
22-09-2005,13.33
23-09-2005,12.96
26-09-2005,13.04
27-09-2005,12.76
28-09-2005,12.63
29-09-2005,12.24
30-09-2005,11.92
03-10-2005,12.46
04-10-2005,13.2
05-10-2005,14.55
06-10-2005,14.96
07-10-2005,14.59
10-10-2005,15.55
11-10-2005,15.63
12-10-2005,16.219999
13-10-2005,16.469999
14-10-2005,14.87
17-10-2005,14.67
18-10-2005,15.33
19-10-2005,13.5
20-10-2005,16.110001
21-10-2005,16.129999
24-10-2005,14.74
25-10-2005,14.53
26-10-2005,14.59
27-10-2005,16.02
28-10-2005,14.25
31-10-2005,15.32
01-11-2005,14.85
02-11-2005,13.48
03-11-2005,13
04-11-2005,13.17
07-11-2005,13.1
08-11-2005,13.08
09-11-2005,12.8
10-11-2005,11.9
11-11-2005,11.63
14-11-2005,12.18
15-11-2005,12.23
16-11-2005,12.26
17-11-2005,11.25
18-11-2005,11.12
21-11-2005,10.82
22-11-2005,10.6
23-11-2005,10.96
25-11-2005,10.88
28-11-2005,11.84
29-11-2005,11.89
30-11-2005,12.06
01-12-2005,11.24
02-12-2005,11.01
05-12-2005,11.6
06-12-2005,11.52
07-12-2005,12.18
08-12-2005,12.21
09-12-2005,11.69
12-12-2005,11.47
13-12-2005,11.11
14-12-2005,10.48
15-12-2005,10.73
16-12-2005,10.68
19-12-2005,11.38
20-12-2005,11.19
21-12-2005,10.81
22-12-2005,10.29
23-12-2005,10.27
27-12-2005,11.57
28-12-2005,11.35
29-12-2005,11.61
30-12-2005,12.07
03-01-2006,11.14
04-01-2006,11.37
05-01-2006,11.31
06-01-2006,11
09-01-2006,11.13
10-01-2006,10.86
11-01-2006,10.94
12-01-2006,11.2
13-01-2006,11.23
17-01-2006,11.91
18-01-2006,12.25
19-01-2006,11.98
20-01-2006,14.56
23-01-2006,13.93
24-01-2006,13.31
25-01-2006,12.87
26-01-2006,12.42
27-01-2006,11.97
30-01-2006,12.39
31-01-2006,12.95
01-02-2006,12.36
02-02-2006,13.23
03-02-2006,12.96
06-02-2006,13.04
07-02-2006,13.59
08-02-2006,12.83
09-02-2006,13.12
10-02-2006,12.87
13-02-2006,13.35
14-02-2006,12.25
15-02-2006,12.31
16-02-2006,11.48
17-02-2006,12.01
21-02-2006,12.41
22-02-2006,11.88
23-02-2006,11.87
24-02-2006,11.46
27-02-2006,11.59
28-02-2006,12.34
01-03-2006,11.54
02-03-2006,11.72
03-03-2006,11.96
06-03-2006,12.74
07-03-2006,12.66
08-03-2006,12.32
09-03-2006,12.68
10-03-2006,11.85
13-03-2006,11.37
14-03-2006,10.74
15-03-2006,11.35
16-03-2006,11.98
17-03-2006,12.12
20-03-2006,11.79
21-03-2006,11.62
22-03-2006,11.21
23-03-2006,11.17
24-03-2006,11.19
27-03-2006,11.46
28-03-2006,11.58
29-03-2006,10.95
30-03-2006,11.57
31-03-2006,11.39
03-04-2006,11.57
04-04-2006,11.14
05-04-2006,11.13
06-04-2006,11.45
07-04-2006,12.26
10-04-2006,12.19
11-04-2006,13
12-04-2006,12.76
13-04-2006,12.38
17-04-2006,12.58
18-04-2006,11.4
19-04-2006,11.32
20-04-2006,11.64
21-04-2006,11.59
24-04-2006,11.75
25-04-2006,11.75
26-04-2006,11.76
27-04-2006,11.84
28-04-2006,11.59
01-05-2006,12.54
02-05-2006,11.99
03-05-2006,11.99
04-05-2006,11.86
05-05-2006,11.62
08-05-2006,12
09-05-2006,11.99
10-05-2006,11.78
11-05-2006,12.49
12-05-2006,14.19
15-05-2006,13.57
16-05-2006,13.35
17-05-2006,16.26
18-05-2006,16.99
19-05-2006,17.18
22-05-2006,17.719999
23-05-2006,18.26
24-05-2006,17.360001
25-05-2006,15.5
26-05-2006,14.26
30-05-2006,18.66
31-05-2006,16.440001
01-06-2006,14.52
02-06-2006,14.32
05-06-2006,16.65
06-06-2006,17.34
07-06-2006,17.799999
08-06-2006,18.35
09-06-2006,18.120001
12-06-2006,20.959999
13-06-2006,23.809999
14-06-2006,21.459999
15-06-2006,15.9
16-06-2006,17.25
19-06-2006,17.83
20-06-2006,16.690001
21-06-2006,15.52
22-06-2006,15.88
23-06-2006,15.89
26-06-2006,15.62
27-06-2006,16.4
28-06-2006,15.79
29-06-2006,13.03
30-06-2006,13.08
03-07-2006,13.05
05-07-2006,14.15
06-07-2006,13.65
07-07-2006,13.97
10-07-2006,14.02
11-07-2006,13.14
12-07-2006,14.49
13-07-2006,17.790001
14-07-2006,18.049999
17-07-2006,18.639999
18-07-2006,17.74
19-07-2006,15.55
20-07-2006,16.209999
21-07-2006,17.4
24-07-2006,14.98
25-07-2006,14.85
26-07-2006,14.62
27-07-2006,14.94
28-07-2006,14.33
31-07-2006,14.95
01-08-2006,15.05
02-08-2006,14.34
03-08-2006,14.46
04-08-2006,14.34
07-08-2006,15.23
08-08-2006,15.23
09-08-2006,15.2
10-08-2006,14.46
11-08-2006,14.3
14-08-2006,14.26
15-08-2006,13.42
16-08-2006,12.41
17-08-2006,12.24
18-08-2006,11.64
21-08-2006,12.22
22-08-2006,12.19
23-08-2006,12.4
24-08-2006,12.4
25-08-2006,12.31
28-08-2006,12.18
29-08-2006,12.28
30-08-2006,12.22
31-08-2006,12.31
01-09-2006,11.96
05-09-2006,12.63
06-09-2006,13.74
07-09-2006,13.88
08-09-2006,13.16
11-09-2006,12.99
12-09-2006,11.92
13-09-2006,11.18
14-09-2006,11.55
15-09-2006,11.76
18-09-2006,11.78
19-09-2006,11.98
20-09-2006,11.39
21-09-2006,12.25
22-09-2006,12.59
25-09-2006,12.12
26-09-2006,11.53
27-09-2006,11.58
28-09-2006,11.72
29-09-2006,11.98
02-10-2006,12.57
03-10-2006,12.24
04-10-2006,11.86
05-10-2006,11.98
06-10-2006,11.56
09-10-2006,11.68
10-10-2006,11.52
11-10-2006,11.62
12-10-2006,11.09
13-10-2006,10.75
16-10-2006,11.09
17-10-2006,11.73
18-10-2006,11.34
19-10-2006,10.9
20-10-2006,10.63
23-10-2006,11.08
24-10-2006,10.78
25-10-2006,10.66
26-10-2006,10.56
27-10-2006,10.8
30-10-2006,11.2
31-10-2006,11.1
01-11-2006,11.51
02-11-2006,11.42
03-11-2006,11.16
06-11-2006,11.16
07-11-2006,11.09
08-11-2006,10.75
09-11-2006,11.01
10-11-2006,10.79
13-11-2006,10.86
14-11-2006,10.5
15-11-2006,10.31
16-11-2006,10.16
17-11-2006,10.05
20-11-2006,9.97
21-11-2006,9.9
22-11-2006,10.14
24-11-2006,10.73
27-11-2006,12.3
28-11-2006,11.62
29-11-2006,10.83
30-11-2006,10.91
01-12-2006,11.66
04-12-2006,11.23
05-12-2006,11.27
06-12-2006,11.33
07-12-2006,12.67
08-12-2006,12.07
11-12-2006,10.71
12-12-2006,10.65
13-12-2006,10.18
14-12-2006,9.97
15-12-2006,10.05
18-12-2006,10.6
19-12-2006,10.3
20-12-2006,10.26
21-12-2006,10.53
22-12-2006,11.36
26-12-2006,11.26
27-12-2006,10.64
28-12-2006,10.99
29-12-2006,11.56
03-01-2007,12.04
04-01-2007,11.51
05-01-2007,12.14
08-01-2007,12
09-01-2007,11.91
10-01-2007,11.47
11-01-2007,10.87
12-01-2007,10.15
16-01-2007,10.74
17-01-2007,10.59
18-01-2007,10.85
19-01-2007,10.4
22-01-2007,10.77
23-01-2007,10.34
24-01-2007,9.89
25-01-2007,11.22
26-01-2007,11.13
29-01-2007,11.45
30-01-2007,10.96
31-01-2007,10.42
01-02-2007,10.31
02-02-2007,10.08
05-02-2007,10.55
06-02-2007,10.65
07-02-2007,10.32
08-02-2007,10.44
09-02-2007,11.1
12-02-2007,11.61
13-02-2007,10.34
14-02-2007,10.23
15-02-2007,10.22
16-02-2007,10.02
20-02-2007,10.24
21-02-2007,10.2
22-02-2007,10.18
23-02-2007,10.58
26-02-2007,11.15
27-02-2007,18.309999
28-02-2007,15.42
01-03-2007,15.82
02-03-2007,18.610001
05-03-2007,19.629999
06-03-2007,15.96
07-03-2007,15.24
08-03-2007,14.29
09-03-2007,14.09
12-03-2007,13.99
13-03-2007,18.129999
14-03-2007,17.27
15-03-2007,16.43
16-03-2007,16.790001
19-03-2007,14.59
20-03-2007,13.27
21-03-2007,12.19
22-03-2007,12.93
23-03-2007,12.95
26-03-2007,13.16
27-03-2007,13.48
28-03-2007,14.98
29-03-2007,15.14
30-03-2007,14.64
02-04-2007,14.53
03-04-2007,13.46
04-04-2007,13.24
05-04-2007,13.23
09-04-2007,13.14
10-04-2007,12.68
11-04-2007,13.49
12-04-2007,12.71
13-04-2007,12.2
16-04-2007,11.98
17-04-2007,12.14
18-04-2007,12.42
19-04-2007,12.54
20-04-2007,12.07
23-04-2007,13.04
24-04-2007,13.12
25-04-2007,13.21
26-04-2007,12.79
27-04-2007,12.45
30-04-2007,14.22
01-05-2007,13.51
02-05-2007,13.08
03-05-2007,13.09
04-05-2007,12.91
07-05-2007,13.15
08-05-2007,13.21
09-05-2007,12.88
10-05-2007,13.6
11-05-2007,12.95
14-05-2007,13.96
15-05-2007,14.01
16-05-2007,13.5
17-05-2007,13.51
18-05-2007,12.76
21-05-2007,13.3
22-05-2007,13.06
23-05-2007,13.24
24-05-2007,14.08
25-05-2007,13.34
29-05-2007,13.53
30-05-2007,12.83
31-05-2007,13.05
01-06-2007,12.78
04-06-2007,13.29
05-06-2007,13.63
06-06-2007,14.87
07-06-2007,17.059999
08-06-2007,14.84
11-06-2007,14.71
12-06-2007,16.67
13-06-2007,14.73
14-06-2007,13.64
15-06-2007,13.94
18-06-2007,13.42
19-06-2007,12.85
20-06-2007,14.67
21-06-2007,14.21
22-06-2007,15.75
25-06-2007,16.65
26-06-2007,18.889999
27-06-2007,15.53
28-06-2007,15.54
29-06-2007,16.23
02-07-2007,15.4
03-07-2007,14.92
05-07-2007,15.48
06-07-2007,14.72
09-07-2007,15.16
10-07-2007,17.57
11-07-2007,16.639999
12-07-2007,15.54
13-07-2007,15.15
16-07-2007,15.59
17-07-2007,15.63
18-07-2007,16
19-07-2007,15.23
20-07-2007,16.950001
23-07-2007,16.809999
24-07-2007,18.549999
25-07-2007,18.1
26-07-2007,20.74
27-07-2007,24.17
30-07-2007,20.870001
31-07-2007,23.52
01-08-2007,23.67
02-08-2007,21.219999
03-08-2007,25.16
06-08-2007,22.940001
07-08-2007,21.559999
08-08-2007,21.450001
09-08-2007,26.48
10-08-2007,28.299999
13-08-2007,26.57
14-08-2007,27.68
15-08-2007,30.67
16-08-2007,30.83
17-08-2007,29.99
20-08-2007,26.33
21-08-2007,25.25
22-08-2007,22.889999
23-08-2007,22.620001
24-08-2007,20.719999
27-08-2007,22.719999
28-08-2007,26.299999
29-08-2007,23.809999
30-08-2007,25.059999
31-08-2007,23.379999
04-09-2007,22.780001
05-09-2007,24.58
06-09-2007,23.99
07-09-2007,26.23
10-09-2007,27.379999
11-09-2007,25.27
12-09-2007,24.959999
13-09-2007,24.76
14-09-2007,24.92
17-09-2007,26.48
18-09-2007,20.35
19-09-2007,20.030001
20-09-2007,20.450001
21-09-2007,19
24-09-2007,19.370001
25-09-2007,18.6
26-09-2007,17.629999
27-09-2007,17
28-09-2007,18
01-10-2007,17.84
02-10-2007,18.49
03-10-2007,18.799999
04-10-2007,18.440001
05-10-2007,16.91
08-10-2007,17.459999
09-10-2007,16.120001
10-10-2007,16.67
11-10-2007,18.879999
12-10-2007,17.73
15-10-2007,19.25
16-10-2007,20.02
17-10-2007,18.540001
18-10-2007,18.5
19-10-2007,22.959999
22-10-2007,21.639999
23-10-2007,20.41
24-10-2007,20.799999
25-10-2007,21.17
26-10-2007,19.559999
29-10-2007,19.870001
30-10-2007,21.07
31-10-2007,18.530001
01-11-2007,23.209999
02-11-2007,23.01
05-11-2007,24.309999
06-11-2007,21.389999
07-11-2007,26.49
08-11-2007,26.16
09-11-2007,28.5
12-11-2007,31.09
13-11-2007,24.1
14-11-2007,25.940001
15-11-2007,28.059999
16-11-2007,25.49
19-11-2007,26.01
20-11-2007,24.879999
21-11-2007,26.84
23-11-2007,25.610001
26-11-2007,28.91
27-11-2007,26.280001
28-11-2007,24.110001
29-11-2007,23.969999
30-11-2007,22.870001
03-12-2007,23.610001
04-12-2007,23.790001
05-12-2007,22.530001
06-12-2007,20.959999
07-12-2007,20.85
10-12-2007,20.74
11-12-2007,23.59
12-12-2007,22.469999
13-12-2007,22.559999
14-12-2007,23.27
17-12-2007,24.52
18-12-2007,22.639999
19-12-2007,21.68
20-12-2007,20.58
21-12-2007,18.469999
24-12-2007,18.6
26-12-2007,18.66
27-12-2007,20.26
28-12-2007,20.74
31-12-2007,22.5
02-01-2008,23.17
03-01-2008,22.49
04-01-2008,23.940001
07-01-2008,23.790001
08-01-2008,25.43
09-01-2008,24.120001
10-01-2008,23.450001
11-01-2008,23.68
14-01-2008,22.9
15-01-2008,23.34
16-01-2008,24.379999
17-01-2008,28.459999
18-01-2008,27.18
22-01-2008,31.01
23-01-2008,29.02
24-01-2008,27.780001
25-01-2008,29.08
28-01-2008,27.780001
29-01-2008,27.32
30-01-2008,27.620001
31-01-2008,26.200001
01-02-2008,24.02
04-02-2008,25.99
05-02-2008,28.24
06-02-2008,28.969999
07-02-2008,27.66
08-02-2008,28.01
11-02-2008,27.6
12-02-2008,26.33
13-02-2008,24.879999
14-02-2008,25.540001
15-02-2008,25.02
19-02-2008,25.59
20-02-2008,24.4
21-02-2008,25.120001
22-02-2008,24.059999
25-02-2008,23.030001
26-02-2008,21.9
27-02-2008,22.690001
28-02-2008,23.530001
29-02-2008,26.540001
03-03-2008,26.280001
04-03-2008,25.52
05-03-2008,24.6
06-03-2008,27.549999
07-03-2008,27.49
10-03-2008,29.379999
11-03-2008,26.360001
12-03-2008,27.219999
13-03-2008,27.290001
14-03-2008,31.16
17-03-2008,32.240002
18-03-2008,25.790001
19-03-2008,29.84
20-03-2008,26.620001
24-03-2008,25.73
25-03-2008,25.719999
26-03-2008,26.08
27-03-2008,25.879999
28-03-2008,25.709999
31-03-2008,25.610001
01-04-2008,22.68
02-04-2008,23.43
03-04-2008,23.209999
04-04-2008,22.450001
07-04-2008,22.42
08-04-2008,22.360001
09-04-2008,22.809999
10-04-2008,21.98
11-04-2008,23.459999
14-04-2008,23.82
15-04-2008,22.780001
16-04-2008,20.530001
17-04-2008,20.370001
18-04-2008,20.129999
21-04-2008,20.5
22-04-2008,20.870001
23-04-2008,20.26
24-04-2008,20.059999
25-04-2008,19.59
28-04-2008,19.639999
29-04-2008,20.24
30-04-2008,20.790001
01-05-2008,18.879999
02-05-2008,18.18
05-05-2008,18.9
06-05-2008,18.209999
07-05-2008,19.73
08-05-2008,19.4
09-05-2008,19.41
12-05-2008,17.790001
13-05-2008,17.98
14-05-2008,17.66
15-05-2008,16.299999
16-05-2008,16.469999
19-05-2008,17.01
20-05-2008,17.58
21-05-2008,18.59
22-05-2008,18.049999
23-05-2008,19.549999
27-05-2008,19.639999
28-05-2008,19.07
29-05-2008,18.139999
30-05-2008,17.83
02-06-2008,19.83
03-06-2008,20.24
04-06-2008,20.799999
05-06-2008,18.629999
06-06-2008,23.559999
09-06-2008,23.120001
10-06-2008,23.18
11-06-2008,24.120001
12-06-2008,23.33
13-06-2008,21.219999
16-06-2008,20.950001
17-06-2008,21.129999
18-06-2008,22.24
19-06-2008,21.58
20-06-2008,22.870001
23-06-2008,22.639999
24-06-2008,22.42
25-06-2008,21.139999
26-06-2008,23.93
27-06-2008,23.440001
30-06-2008,23.950001
01-07-2008,23.65
02-07-2008,25.92
03-07-2008,24.780001
07-07-2008,25.780001
08-07-2008,23.15
09-07-2008,25.23
10-07-2008,25.59
11-07-2008,27.49
14-07-2008,28.48
15-07-2008,28.540001
16-07-2008,25.1
17-07-2008,25.01
18-07-2008,24.049999
21-07-2008,23.049999
22-07-2008,21.18
23-07-2008,21.309999
24-07-2008,23.440001
25-07-2008,22.91
28-07-2008,24.23
29-07-2008,22.030001
30-07-2008,21.209999
31-07-2008,22.940001
01-08-2008,22.57
04-08-2008,23.49
05-08-2008,21.139999
06-08-2008,20.23
07-08-2008,21.15
08-08-2008,20.66
11-08-2008,20.120001
12-08-2008,21.17
13-08-2008,21.549999
14-08-2008,20.34
15-08-2008,19.58
18-08-2008,20.98
19-08-2008,21.280001
20-08-2008,20.42
21-08-2008,19.82
22-08-2008,18.809999
25-08-2008,20.969999
26-08-2008,20.49
27-08-2008,19.76
28-08-2008,19.43
29-08-2008,20.65
02-09-2008,21.99
03-09-2008,21.43
04-09-2008,24.030001
05-09-2008,23.059999
08-09-2008,22.639999
09-09-2008,25.469999
10-09-2008,24.52
11-09-2008,24.389999
12-09-2008,25.66
15-09-2008,31.700001
16-09-2008,30.299999
17-09-2008,36.220001
18-09-2008,33.099998
19-09-2008,32.07
22-09-2008,33.849998
23-09-2008,35.720001
24-09-2008,35.189999
25-09-2008,32.82
26-09-2008,34.740002
29-09-2008,46.720001
30-09-2008,39.389999
01-10-2008,39.810001
02-10-2008,45.259998
03-10-2008,45.139999
06-10-2008,52.049999
07-10-2008,53.68
08-10-2008,57.529999
09-10-2008,63.919998
10-10-2008,69.949997
13-10-2008,54.990002
14-10-2008,55.130001
15-10-2008,69.25
16-10-2008,67.610001
17-10-2008,70.330002
20-10-2008,52.970001
21-10-2008,53.110001
22-10-2008,69.650002
23-10-2008,67.800003
24-10-2008,79.129997
27-10-2008,80.059998
28-10-2008,66.959999
29-10-2008,69.959999
30-10-2008,62.900002
31-10-2008,59.889999
03-11-2008,53.68
04-11-2008,47.73
05-11-2008,54.560001
06-11-2008,63.68
07-11-2008,56.099998
10-11-2008,59.98
11-11-2008,61.439999
12-11-2008,66.459999
13-11-2008,59.830002
14-11-2008,66.309998
17-11-2008,69.150002
18-11-2008,67.639999
19-11-2008,74.260002
20-11-2008,80.860001
21-11-2008,72.669998
24-11-2008,64.699997
25-11-2008,60.900002
26-11-2008,54.919998
28-11-2008,55.279999
01-12-2008,68.510002
02-12-2008,62.98
03-12-2008,60.720001
04-12-2008,63.639999
05-12-2008,59.93
08-12-2008,58.490002
09-12-2008,58.91
10-12-2008,55.73
11-12-2008,55.779999
12-12-2008,54.279999
15-12-2008,56.759998
16-12-2008,52.369999
17-12-2008,49.84
18-12-2008,47.34
19-12-2008,44.93
22-12-2008,44.560001
23-12-2008,45.02
24-12-2008,44.209999
26-12-2008,43.380001
29-12-2008,43.900002
30-12-2008,41.630001
31-12-2008,40
02-01-2009,39.189999
05-01-2009,39.080002
06-01-2009,38.560001
07-01-2009,43.389999
08-01-2009,42.560001
09-01-2009,42.82
12-01-2009,45.84
13-01-2009,43.27
14-01-2009,49.139999
15-01-2009,51
16-01-2009,46.110001
20-01-2009,56.650002
21-01-2009,46.419998
22-01-2009,47.290001
23-01-2009,47.27
26-01-2009,45.689999
27-01-2009,42.25
28-01-2009,39.66
29-01-2009,42.630001
30-01-2009,44.84
02-02-2009,45.52
03-02-2009,43.060001
04-02-2009,43.849998
05-02-2009,43.73
06-02-2009,43.369999
09-02-2009,43.639999
10-02-2009,46.669998
11-02-2009,44.529999
12-02-2009,41.25
13-02-2009,42.93
17-02-2009,48.66
18-02-2009,48.459999
19-02-2009,47.080002
20-02-2009,49.299999
23-02-2009,52.619999
24-02-2009,45.490002
25-02-2009,44.669998
26-02-2009,44.66
27-02-2009,46.349998
02-03-2009,52.650002
03-03-2009,50.93
04-03-2009,47.560001
05-03-2009,50.169998
06-03-2009,49.330002
09-03-2009,49.68
10-03-2009,44.369999
11-03-2009,43.610001
12-03-2009,41.18
13-03-2009,42.360001
16-03-2009,43.740002
17-03-2009,40.799999
18-03-2009,40.060001
19-03-2009,43.68
20-03-2009,45.889999
23-03-2009,43.23
24-03-2009,42.93
25-03-2009,42.25
26-03-2009,40.360001
27-03-2009,41.040001
30-03-2009,45.540001
31-03-2009,44.139999
01-04-2009,42.279999
02-04-2009,42.040001
03-04-2009,39.700001
06-04-2009,40.93
07-04-2009,40.389999
08-04-2009,38.849998
09-04-2009,36.529999
13-04-2009,37.810001
14-04-2009,37.669998
15-04-2009,36.169998
16-04-2009,35.790001
17-04-2009,33.939999
20-04-2009,39.18
21-04-2009,37.139999
22-04-2009,38.099998
23-04-2009,37.150002
24-04-2009,36.82
27-04-2009,38.32
28-04-2009,37.950001
29-04-2009,36.080002
30-04-2009,36.5
01-05-2009,35.299999
04-05-2009,34.529999
05-05-2009,33.360001
06-05-2009,32.450001
07-05-2009,33.439999
08-05-2009,32.049999
11-05-2009,32.869999
12-05-2009,31.799999
13-05-2009,33.650002
14-05-2009,31.370001
15-05-2009,33.119999
18-05-2009,30.24
19-05-2009,28.799999
20-05-2009,29.030001
21-05-2009,31.35
22-05-2009,32.630001
26-05-2009,30.620001
27-05-2009,32.360001
28-05-2009,31.67
29-05-2009,28.92
01-06-2009,30.040001
02-06-2009,29.629999
03-06-2009,31.02
04-06-2009,30.18
05-06-2009,29.620001
08-06-2009,29.77
09-06-2009,28.27
10-06-2009,28.459999
11-06-2009,28.110001
12-06-2009,28.15
15-06-2009,30.809999
16-06-2009,32.68
17-06-2009,31.540001
18-06-2009,30.030001
19-06-2009,27.99
22-06-2009,31.17
23-06-2009,30.58
24-06-2009,29.049999
25-06-2009,26.360001
26-06-2009,25.93
29-06-2009,25.35
30-06-2009,26.35
01-07-2009,26.219999
02-07-2009,27.950001
06-07-2009,29
07-07-2009,30.85
08-07-2009,31.299999
09-07-2009,29.780001
10-07-2009,29.02
13-07-2009,26.309999
14-07-2009,25.02
15-07-2009,25.889999
16-07-2009,25.42
17-07-2009,24.34
20-07-2009,24.4
21-07-2009,23.870001
22-07-2009,23.469999
23-07-2009,23.43
24-07-2009,23.09
27-07-2009,24.280001
28-07-2009,25.01
29-07-2009,25.610001
30-07-2009,25.4
31-07-2009,25.92
03-08-2009,25.559999
04-08-2009,24.889999
05-08-2009,24.9
06-08-2009,25.67
07-08-2009,24.76
10-08-2009,24.99
11-08-2009,25.99
12-08-2009,25.450001
13-08-2009,24.709999
14-08-2009,24.27
17-08-2009,27.889999
18-08-2009,26.18
19-08-2009,26.26
20-08-2009,25.09
21-08-2009,25.01
24-08-2009,25.139999
25-08-2009,24.92
26-08-2009,24.950001
27-08-2009,24.68
28-08-2009,24.76
31-08-2009,26.01
01-09-2009,29.15
02-09-2009,28.9
03-09-2009,27.1
04-09-2009,25.26
08-09-2009,25.620001
09-09-2009,24.32
10-09-2009,23.549999
11-09-2009,24.15
14-09-2009,23.860001
15-09-2009,23.42
16-09-2009,23.690001
17-09-2009,23.65
18-09-2009,23.92
21-09-2009,24.059999
22-09-2009,23.08
23-09-2009,23.49
24-09-2009,24.950001
25-09-2009,25.610001
28-09-2009,24.879999
29-09-2009,25.190001
30-09-2009,25.610001
01-10-2009,28.27
02-10-2009,28.68
05-10-2009,26.84
06-10-2009,25.700001
07-10-2009,24.68
08-10-2009,24.18
09-10-2009,23.120001
12-10-2009,23.01
13-10-2009,22.99
14-10-2009,22.860001
15-10-2009,21.719999
16-10-2009,21.43
19-10-2009,21.49
20-10-2009,20.9
21-10-2009,22.219999
22-10-2009,20.690001
23-10-2009,22.27
26-10-2009,24.309999
27-10-2009,24.83
28-10-2009,27.91
29-10-2009,24.76
30-10-2009,30.690001
02-11-2009,29.780001
03-11-2009,28.809999
04-11-2009,27.719999
05-11-2009,25.43
06-11-2009,24.190001
09-11-2009,23.15
10-11-2009,22.84
11-11-2009,23.040001
12-11-2009,24.24
13-11-2009,23.360001
16-11-2009,22.889999
17-11-2009,22.41
18-11-2009,21.629999
19-11-2009,22.629999
20-11-2009,22.190001
23-11-2009,21.16
24-11-2009,20.469999
25-11-2009,20.48
27-11-2009,24.74
30-11-2009,24.51
01-12-2009,21.92
02-12-2009,21.120001
03-12-2009,22.459999
04-12-2009,21.25
07-12-2009,22.1
08-12-2009,23.690001
09-12-2009,22.66
10-12-2009,22.32
11-12-2009,21.59
14-12-2009,21.15
15-12-2009,21.49
16-12-2009,20.540001
17-12-2009,22.51
18-12-2009,21.68
21-12-2009,20.49
22-12-2009,19.540001
23-12-2009,19.709999
24-12-2009,19.469999
28-12-2009,19.93
29-12-2009,20.01
30-12-2009,19.959999
31-12-2009,21.68
04-01-2010,20.040001
05-01-2010,19.35
06-01-2010,19.16
07-01-2010,19.059999
08-01-2010,18.129999
11-01-2010,17.549999
12-01-2010,18.25
13-01-2010,17.85
14-01-2010,17.629999
15-01-2010,17.91
19-01-2010,17.58
20-01-2010,18.68
21-01-2010,22.27
22-01-2010,27.309999
25-01-2010,25.41
26-01-2010,24.549999
27-01-2010,23.139999
28-01-2010,23.73
29-01-2010,24.620001
01-02-2010,22.59
02-02-2010,21.48
03-02-2010,21.6
04-02-2010,26.08
05-02-2010,26.110001
08-02-2010,26.51
09-02-2010,26
10-02-2010,25.4
11-02-2010,23.959999
12-02-2010,22.73
16-02-2010,22.25
17-02-2010,21.719999
18-02-2010,20.629999
19-02-2010,20.02
22-02-2010,19.940001
23-02-2010,21.370001
24-02-2010,20.27
25-02-2010,20.1
26-02-2010,19.5
01-03-2010,19.26
02-03-2010,19.059999
03-03-2010,18.83
04-03-2010,18.719999
05-03-2010,17.42
08-03-2010,17.790001
09-03-2010,17.92
10-03-2010,18.57
11-03-2010,18.059999
12-03-2010,17.58
15-03-2010,18
16-03-2010,17.690001
17-03-2010,16.91
18-03-2010,16.620001
19-03-2010,16.969999
22-03-2010,16.870001
23-03-2010,16.35
24-03-2010,17.549999
25-03-2010,18.4
26-03-2010,17.77
29-03-2010,17.59
30-03-2010,17.129999
31-03-2010,17.59
01-04-2010,17.469999
05-04-2010,17.02
06-04-2010,16.23
07-04-2010,16.620001
08-04-2010,16.48
09-04-2010,16.139999
12-04-2010,15.58
13-04-2010,16.200001
14-04-2010,15.59
15-04-2010,15.89
16-04-2010,18.360001
19-04-2010,17.34
20-04-2010,15.73
21-04-2010,16.32
22-04-2010,16.469999
23-04-2010,16.620001
26-04-2010,17.469999
27-04-2010,22.809999
28-04-2010,21.08
29-04-2010,18.440001
30-04-2010,22.049999
03-05-2010,20.190001
04-05-2010,23.84
05-05-2010,24.91
06-05-2010,32.799999
07-05-2010,40.950001
10-05-2010,28.84
11-05-2010,28.32
12-05-2010,25.52
13-05-2010,26.68
14-05-2010,31.24
17-05-2010,30.84
18-05-2010,33.549999
19-05-2010,35.32
20-05-2010,45.790001
21-05-2010,40.099998
24-05-2010,38.32
25-05-2010,34.610001
26-05-2010,35.02
27-05-2010,29.68
28-05-2010,32.07
01-06-2010,35.540001
02-06-2010,30.17
03-06-2010,29.459999
04-06-2010,35.48
07-06-2010,36.57
08-06-2010,33.700001
09-06-2010,33.73
10-06-2010,30.57
11-06-2010,28.790001
14-06-2010,28.58
15-06-2010,25.870001
16-06-2010,25.92
17-06-2010,25.049999
18-06-2010,23.950001
21-06-2010,24.879999
22-06-2010,27.049999
23-06-2010,26.91
24-06-2010,29.74
25-06-2010,28.530001
28-06-2010,29
29-06-2010,34.130001
30-06-2010,34.540001
01-07-2010,32.860001
02-07-2010,30.120001
06-07-2010,29.65
07-07-2010,26.84
08-07-2010,25.709999
09-07-2010,24.98
12-07-2010,24.43
13-07-2010,24.559999
14-07-2010,24.889999
15-07-2010,25.139999
16-07-2010,26.25
19-07-2010,25.969999
20-07-2010,23.93
21-07-2010,25.639999
22-07-2010,24.629999
23-07-2010,23.469999
26-07-2010,22.73
27-07-2010,23.190001
28-07-2010,24.25
29-07-2010,24.129999
30-07-2010,23.5
02-08-2010,22.01
03-08-2010,22.629999
04-08-2010,22.209999
05-08-2010,22.1
06-08-2010,21.74
09-08-2010,22.139999
10-08-2010,22.370001
11-08-2010,25.389999
12-08-2010,25.73
13-08-2010,26.24
16-08-2010,26.1
17-08-2010,24.33
18-08-2010,24.59
19-08-2010,26.440001
20-08-2010,25.49
23-08-2010,25.66
24-08-2010,27.459999
25-08-2010,26.700001
26-08-2010,27.370001
27-08-2010,24.450001
30-08-2010,27.209999
31-08-2010,26.049999
01-09-2010,23.889999
02-09-2010,23.190001
03-09-2010,21.309999
07-09-2010,23.799999
08-09-2010,23.25
09-09-2010,22.809999
10-09-2010,21.99
13-09-2010,21.209999
14-09-2010,21.559999
15-09-2010,22.1
16-09-2010,21.719999
17-09-2010,22.01
20-09-2010,21.5
21-09-2010,22.35
22-09-2010,22.51
23-09-2010,23.870001
24-09-2010,21.709999
27-09-2010,22.540001
28-09-2010,22.6
29-09-2010,23.25
30-09-2010,23.700001
01-10-2010,22.5
04-10-2010,23.530001
05-10-2010,21.76
06-10-2010,21.49
07-10-2010,21.559999
08-10-2010,20.709999
11-10-2010,18.959999
12-10-2010,18.93
13-10-2010,19.07
14-10-2010,19.879999
15-10-2010,19.030001
18-10-2010,19.09
19-10-2010,20.629999
20-10-2010,19.790001
21-10-2010,19.27
22-10-2010,18.780001
25-10-2010,19.85
26-10-2010,20.219999
27-10-2010,20.709999
28-10-2010,20.879999
29-10-2010,21.200001
01-11-2010,21.83
02-11-2010,21.57
03-11-2010,19.559999
04-11-2010,18.52
05-11-2010,18.26
08-11-2010,18.290001
09-11-2010,19.08
10-11-2010,18.469999
11-11-2010,18.639999
12-11-2010,20.610001
15-11-2010,20.200001
16-11-2010,22.58
17-11-2010,21.76
18-11-2010,18.75
19-11-2010,18.040001
22-11-2010,18.370001
23-11-2010,20.629999
24-11-2010,19.559999
26-11-2010,22.219999
29-11-2010,21.530001
30-11-2010,23.540001
01-12-2010,21.360001
02-12-2010,19.389999
03-12-2010,18.01
06-12-2010,18.02
07-12-2010,17.99
08-12-2010,17.74
09-12-2010,17.25
10-12-2010,17.610001
13-12-2010,17.549999
14-12-2010,17.610001
15-12-2010,17.940001
16-12-2010,17.389999
17-12-2010,16.110001
20-12-2010,16.41
21-12-2010,16.49
22-12-2010,15.45
23-12-2010,16.469999
27-12-2010,17.67
28-12-2010,17.52
29-12-2010,17.280001
30-12-2010,17.52
31-12-2010,17.75
03-01-2011,17.610001
04-01-2011,17.379999
05-01-2011,17.02
06-01-2011,17.4
07-01-2011,17.139999
10-01-2011,17.540001
11-01-2011,16.889999
12-01-2011,16.24
13-01-2011,16.389999
14-01-2011,15.46
18-01-2011,15.87
19-01-2011,17.309999
20-01-2011,17.99
21-01-2011,18.469999
24-01-2011,17.65
25-01-2011,17.59
26-01-2011,16.639999
27-01-2011,16.15
28-01-2011,20.040001
31-01-2011,19.530001
01-02-2011,17.629999
02-02-2011,17.299999
03-02-2011,16.690001
04-02-2011,15.93
07-02-2011,16.280001
08-02-2011,15.81
09-02-2011,15.87
10-02-2011,16.09
11-02-2011,15.69
14-02-2011,15.95
15-02-2011,16.370001
16-02-2011,16.719999
17-02-2011,16.59
18-02-2011,16.43
22-02-2011,20.799999
23-02-2011,22.129999
24-02-2011,21.32
25-02-2011,19.219999
28-02-2011,18.35
01-03-2011,21.01
02-03-2011,20.700001
03-03-2011,18.6
04-03-2011,19.059999
07-03-2011,20.66
08-03-2011,19.82
09-03-2011,20.219999
10-03-2011,21.879999
11-03-2011,20.08
14-03-2011,21.129999
15-03-2011,24.32
16-03-2011,29.4
17-03-2011,26.370001
18-03-2011,24.440001
21-03-2011,20.610001
22-03-2011,20.209999
23-03-2011,19.17
24-03-2011,18
25-03-2011,17.91
28-03-2011,19.440001
29-03-2011,18.16
30-03-2011,17.709999
31-03-2011,17.74
01-04-2011,17.4
04-04-2011,17.5
05-04-2011,17.25
06-04-2011,16.9
07-04-2011,17.110001
08-04-2011,17.870001
11-04-2011,16.59
12-04-2011,17.09
13-04-2011,16.92
14-04-2011,16.27
15-04-2011,15.32
18-04-2011,16.959999
19-04-2011,15.83
20-04-2011,15.07
21-04-2011,14.69
25-04-2011,15.77
26-04-2011,15.62
27-04-2011,15.35
28-04-2011,14.62
29-04-2011,14.75
02-05-2011,15.99
03-05-2011,16.700001
04-05-2011,17.08
05-05-2011,18.200001
06-05-2011,18.4
09-05-2011,17.16
10-05-2011,15.91
11-05-2011,16.950001
12-05-2011,16.030001
13-05-2011,17.07
16-05-2011,18.24
17-05-2011,17.549999
18-05-2011,16.23
19-05-2011,15.52
20-05-2011,17.43
23-05-2011,18.27
24-05-2011,17.82
25-05-2011,17.07
26-05-2011,16.09
27-05-2011,15.98
31-05-2011,15.45
01-06-2011,18.299999
02-06-2011,18.09
03-06-2011,17.950001
06-06-2011,18.49
07-06-2011,18.07
08-06-2011,18.790001
09-06-2011,17.77
10-06-2011,18.860001
13-06-2011,19.610001
14-06-2011,18.26
15-06-2011,21.32
16-06-2011,22.73
17-06-2011,21.85
20-06-2011,19.99
21-06-2011,18.860001
22-06-2011,18.52
23-06-2011,19.290001
24-06-2011,21.1
27-06-2011,20.559999
28-06-2011,19.17
29-06-2011,17.27
30-06-2011,16.52
01-07-2011,15.87
05-07-2011,16.059999
06-07-2011,16.34
07-07-2011,15.95
08-07-2011,15.95
11-07-2011,18.389999
12-07-2011,19.870001
13-07-2011,19.91
14-07-2011,20.799999
15-07-2011,19.530001
18-07-2011,20.950001
19-07-2011,19.209999
20-07-2011,19.09
21-07-2011,17.559999
22-07-2011,17.52
25-07-2011,19.35
26-07-2011,20.23
27-07-2011,22.98
28-07-2011,23.74
29-07-2011,25.25
01-08-2011,23.66
02-08-2011,24.790001
03-08-2011,23.379999
04-08-2011,31.66
05-08-2011,32
08-08-2011,48
09-08-2011,35.060001
10-08-2011,42.990002
11-08-2011,39
12-08-2011,36.360001
15-08-2011,31.870001
16-08-2011,32.849998
17-08-2011,31.58
18-08-2011,42.669998
19-08-2011,43.049999
22-08-2011,42.439999
23-08-2011,36.27
24-08-2011,35.900002
25-08-2011,39.759998
26-08-2011,35.59
29-08-2011,32.279999
30-08-2011,32.889999
31-08-2011,31.620001
01-09-2011,31.82
02-09-2011,33.919998
06-09-2011,37
07-09-2011,33.380001
08-09-2011,34.32
09-09-2011,38.52
12-09-2011,38.59
13-09-2011,36.91
14-09-2011,34.599998
15-09-2011,31.969999
16-09-2011,30.98
19-09-2011,32.73
20-09-2011,32.860001
21-09-2011,37.32
22-09-2011,41.349998
23-09-2011,41.25
26-09-2011,39.02
27-09-2011,37.709999
28-09-2011,41.080002
29-09-2011,38.84
30-09-2011,42.959999
03-10-2011,45.450001
04-10-2011,40.82
05-10-2011,37.810001
06-10-2011,36.27
07-10-2011,36.200001
10-10-2011,33.02
11-10-2011,32.860001
12-10-2011,31.26
13-10-2011,30.700001
14-10-2011,28.24
17-10-2011,33.389999
18-10-2011,31.559999
19-10-2011,34.439999
20-10-2011,34.779999
21-10-2011,31.32
24-10-2011,29.26
25-10-2011,32.220001
26-10-2011,29.860001
27-10-2011,25.459999
28-10-2011,24.530001
31-10-2011,29.959999
01-11-2011,34.77
02-11-2011,32.740002
03-11-2011,30.5
04-11-2011,30.16
07-11-2011,29.85
08-11-2011,27.48
09-11-2011,36.16
10-11-2011,32.810001
11-11-2011,30.040001
14-11-2011,31.129999
15-11-2011,31.219999
16-11-2011,33.509998
17-11-2011,34.509998
18-11-2011,32
21-11-2011,32.91
22-11-2011,31.969999
23-11-2011,33.98
25-11-2011,34.470001
28-11-2011,32.130001
29-11-2011,30.639999
30-11-2011,27.799999
01-12-2011,27.41
02-12-2011,27.52
05-12-2011,27.84
06-12-2011,28.129999
07-12-2011,28.67
08-12-2011,30.59
09-12-2011,26.379999
12-12-2011,25.67
13-12-2011,25.41
14-12-2011,26.040001
15-12-2011,25.110001
16-12-2011,24.290001
19-12-2011,24.92
20-12-2011,23.219999
21-12-2011,21.43
22-12-2011,21.16
23-12-2011,20.73
27-12-2011,21.91
28-12-2011,23.52
29-12-2011,22.65
30-12-2011,23.4
03-01-2012,22.969999
04-01-2012,22.219999
05-01-2012,21.48
06-01-2012,20.629999
09-01-2012,21.07
10-01-2012,20.690001
11-01-2012,21.049999
12-01-2012,20.469999
13-01-2012,20.91
17-01-2012,22.200001
18-01-2012,20.889999
19-01-2012,19.870001
20-01-2012,18.280001
23-01-2012,18.67
24-01-2012,18.91
25-01-2012,18.309999
26-01-2012,18.57
27-01-2012,18.530001
30-01-2012,19.4
31-01-2012,19.440001
01-02-2012,18.549999
02-02-2012,17.98
03-02-2012,17.1
06-02-2012,17.76
07-02-2012,17.65
08-02-2012,18.16
09-02-2012,18.629999
10-02-2012,20.790001
13-02-2012,19.040001
14-02-2012,19.540001
15-02-2012,21.139999
16-02-2012,19.219999
17-02-2012,17.780001
21-02-2012,18.190001
22-02-2012,18.190001
23-02-2012,16.799999
24-02-2012,17.309999
27-02-2012,18.190001
28-02-2012,17.959999
29-02-2012,18.43
01-03-2012,17.26
02-03-2012,17.290001
05-03-2012,18.049999
06-03-2012,20.870001
07-03-2012,19.07
08-03-2012,17.950001
09-03-2012,17.110001
12-03-2012,15.64
13-03-2012,14.8
14-03-2012,15.31
15-03-2012,15.42
16-03-2012,14.47
19-03-2012,15.04
20-03-2012,15.58
21-03-2012,15.13
22-03-2012,15.57
23-03-2012,14.82
26-03-2012,14.26
27-03-2012,15.59
28-03-2012,15.47
29-03-2012,15.48
30-03-2012,15.5
02-04-2012,15.64
03-04-2012,15.66
04-04-2012,16.440001
05-04-2012,16.700001
09-04-2012,18.809999
10-04-2012,20.389999
11-04-2012,20.02
12-04-2012,17.200001
13-04-2012,19.549999
16-04-2012,19.549999
17-04-2012,18.459999
18-04-2012,18.639999
19-04-2012,18.360001
20-04-2012,17.440001
23-04-2012,18.969999
24-04-2012,18.1
25-04-2012,16.82
26-04-2012,16.24
27-04-2012,16.32
30-04-2012,17.15
01-05-2012,16.6
02-05-2012,16.879999
03-05-2012,17.559999
04-05-2012,19.16
07-05-2012,18.940001
08-05-2012,19.049999
09-05-2012,20.08
10-05-2012,18.83
11-05-2012,19.889999
14-05-2012,21.870001
15-05-2012,21.969999
16-05-2012,22.27
17-05-2012,24.49
18-05-2012,25.1
21-05-2012,22.01
22-05-2012,22.48
23-05-2012,22.33
24-05-2012,21.540001
25-05-2012,21.76
29-05-2012,21.030001
30-05-2012,24.139999
31-05-2012,24.059999
01-06-2012,26.66
04-06-2012,26.120001
05-06-2012,24.68
06-06-2012,22.16
07-06-2012,21.719999
08-06-2012,21.23
11-06-2012,23.559999
12-06-2012,22.09
13-06-2012,24.27
14-06-2012,21.68
15-06-2012,21.110001
18-06-2012,18.32
19-06-2012,18.379999
20-06-2012,17.24
21-06-2012,20.08
22-06-2012,18.110001
25-06-2012,20.379999
26-06-2012,19.719999
27-06-2012,19.450001
28-06-2012,19.709999
29-06-2012,17.08
02-07-2012,16.799999
03-07-2012,16.66
05-07-2012,17.5
06-07-2012,17.1
09-07-2012,17.98
10-07-2012,18.719999
11-07-2012,17.950001
12-07-2012,18.33
13-07-2012,16.74
16-07-2012,17.110001
17-07-2012,16.48
18-07-2012,16.16
19-07-2012,15.45
20-07-2012,16.27
23-07-2012,18.620001
24-07-2012,20.469999
25-07-2012,19.34
26-07-2012,17.530001
27-07-2012,16.700001
30-07-2012,18.030001
31-07-2012,18.93
01-08-2012,18.959999
02-08-2012,17.57
03-08-2012,15.64
06-08-2012,15.95
07-08-2012,15.99
08-08-2012,15.32
09-08-2012,15.28
10-08-2012,14.74
13-08-2012,13.7
14-08-2012,14.85
15-08-2012,14.63
16-08-2012,14.29
17-08-2012,13.45
20-08-2012,14.02
21-08-2012,15.02
22-08-2012,15.11
23-08-2012,15.96
24-08-2012,15.18
27-08-2012,16.35
28-08-2012,16.49
29-08-2012,17.059999
30-08-2012,17.83
31-08-2012,17.469999
04-09-2012,17.98
05-09-2012,17.74
06-09-2012,15.6
07-09-2012,14.38
10-09-2012,16.280001
11-09-2012,16.41
12-09-2012,15.8
13-09-2012,14.05
14-09-2012,14.51
17-09-2012,14.59
18-09-2012,14.18
19-09-2012,13.88
20-09-2012,14.07
21-09-2012,13.98
24-09-2012,14.15
25-09-2012,15.43
26-09-2012,16.809999
27-09-2012,14.84
28-09-2012,15.73
01-10-2012,16.32
02-10-2012,15.71
03-10-2012,15.43
04-10-2012,14.55
05-10-2012,14.33
08-10-2012,15.11
09-10-2012,16.370001
10-10-2012,16.290001
11-10-2012,15.59
12-10-2012,16.139999
15-10-2012,15.27
16-10-2012,15.22
17-10-2012,15.07
18-10-2012,15.03
19-10-2012,17.059999
22-10-2012,16.620001
23-10-2012,18.83
24-10-2012,18.33
25-10-2012,18.120001
26-10-2012,17.809999
31-10-2012,18.6
01-11-2012,16.690001
02-11-2012,17.59
05-11-2012,18.42
06-11-2012,17.58
07-11-2012,19.08
08-11-2012,18.49
09-11-2012,18.610001
12-11-2012,16.68
13-11-2012,16.65
14-11-2012,17.92
15-11-2012,17.99
16-11-2012,16.41
19-11-2012,15.24
20-11-2012,15.08
21-11-2012,15.31
23-11-2012,15.14
26-11-2012,15.5
27-11-2012,15.92
28-11-2012,15.51
29-11-2012,15.06
30-11-2012,15.87
03-12-2012,16.639999
04-12-2012,17.120001
05-12-2012,16.459999
06-12-2012,16.58
07-12-2012,15.9
10-12-2012,16.049999
11-12-2012,15.57
12-12-2012,15.95
13-12-2012,16.559999
14-12-2012,17
17-12-2012,16.34
18-12-2012,15.57
19-12-2012,17.360001
20-12-2012,17.67
21-12-2012,17.84
24-12-2012,17.84
26-12-2012,19.48
27-12-2012,19.469999
28-12-2012,22.719999
31-12-2012,18.02
02-01-2013,14.68
03-01-2013,14.56
04-01-2013,13.83
07-01-2013,13.79
08-01-2013,13.62
09-01-2013,13.81
10-01-2013,13.49
11-01-2013,13.36
14-01-2013,13.52
15-01-2013,13.55
16-01-2013,13.42
17-01-2013,13.57
18-01-2013,12.46
22-01-2013,12.43
23-01-2013,12.46
24-01-2013,12.69
25-01-2013,12.89
28-01-2013,13.57
29-01-2013,13.31
30-01-2013,14.32
31-01-2013,14.28
01-02-2013,12.9
04-02-2013,14.67
05-02-2013,13.72
06-02-2013,13.41
07-02-2013,13.5
08-02-2013,13.02
11-02-2013,12.94
12-02-2013,12.64
13-02-2013,12.98
14-02-2013,12.66
15-02-2013,12.46
19-02-2013,12.31
20-02-2013,14.68
21-02-2013,15.22
22-02-2013,14.17
25-02-2013,18.99
26-02-2013,16.870001
27-02-2013,14.73
28-02-2013,15.51
01-03-2013,15.36
04-03-2013,14.01
05-03-2013,13.48
06-03-2013,13.53
07-03-2013,13.06
08-03-2013,12.59
11-03-2013,11.56
12-03-2013,12.27
13-03-2013,11.83
14-03-2013,11.3
15-03-2013,11.3
18-03-2013,13.36
19-03-2013,14.39
20-03-2013,12.67
21-03-2013,13.99
22-03-2013,13.57
25-03-2013,13.74
26-03-2013,12.77
27-03-2013,13.15
28-03-2013,12.7
01-04-2013,13.58
02-04-2013,12.78
03-04-2013,14.21
04-04-2013,13.89
05-04-2013,13.92
08-04-2013,13.19
09-04-2013,12.84
10-04-2013,12.36
11-04-2013,12.24
12-04-2013,12.06
15-04-2013,17.27
16-04-2013,13.96
17-04-2013,16.51
18-04-2013,17.559999
19-04-2013,14.97
22-04-2013,14.39
23-04-2013,13.48
24-04-2013,13.61
25-04-2013,13.62
26-04-2013,13.61
29-04-2013,13.71
30-04-2013,13.52
01-05-2013,14.49
02-05-2013,13.59
03-05-2013,12.85
06-05-2013,12.66
07-05-2013,12.83
08-05-2013,12.66
09-05-2013,13.13
10-05-2013,12.59
13-05-2013,12.55
14-05-2013,12.77
15-05-2013,12.81
16-05-2013,13.07
17-05-2013,12.45
20-05-2013,13.02
21-05-2013,13.37
22-05-2013,13.82
23-05-2013,14.07
24-05-2013,13.99
28-05-2013,14.48
29-05-2013,14.83
30-05-2013,14.53
31-05-2013,16.299999
03-06-2013,16.280001
04-06-2013,16.27
05-06-2013,17.5
06-06-2013,16.629999
07-06-2013,15.14
10-06-2013,15.44
11-06-2013,17.07
12-06-2013,18.59
13-06-2013,16.41
14-06-2013,17.15
17-06-2013,16.799999
18-06-2013,16.610001
19-06-2013,16.639999
20-06-2013,20.49
21-06-2013,18.9
24-06-2013,20.110001
25-06-2013,18.469999
26-06-2013,17.209999
27-06-2013,16.860001
28-06-2013,16.860001
01-07-2013,16.370001
02-07-2013,16.440001
03-07-2013,16.200001
05-07-2013,14.89
08-07-2013,14.78
09-07-2013,14.35
10-07-2013,14.21
11-07-2013,14.01
12-07-2013,13.84
15-07-2013,13.79
16-07-2013,14.42
17-07-2013,13.78
18-07-2013,13.77
19-07-2013,12.54
22-07-2013,12.29
23-07-2013,12.66
24-07-2013,13.18
25-07-2013,12.97
26-07-2013,12.72
29-07-2013,13.39
30-07-2013,13.39
31-07-2013,13.45
01-08-2013,12.94
02-08-2013,11.98
05-08-2013,11.84
06-08-2013,12.72
07-08-2013,12.98
08-08-2013,12.73
09-08-2013,13.41
12-08-2013,12.81
13-08-2013,12.31
14-08-2013,13.04
15-08-2013,14.73
16-08-2013,14.37
19-08-2013,15.1
20-08-2013,14.91
21-08-2013,15.94
22-08-2013,14.76
23-08-2013,13.98
26-08-2013,14.99
27-08-2013,16.77
28-08-2013,16.49
29-08-2013,16.809999
30-08-2013,17.01
03-09-2013,16.610001
04-09-2013,15.88
05-09-2013,15.77
06-09-2013,15.85
09-09-2013,15.63
10-09-2013,14.53
11-09-2013,13.82
12-09-2013,14.29
13-09-2013,14.16
16-09-2013,14.38
17-09-2013,14.53
18-09-2013,13.59
19-09-2013,13.16
20-09-2013,13.12
23-09-2013,14.31
24-09-2013,14.08
25-09-2013,14.01
26-09-2013,14.06
27-09-2013,15.46
30-09-2013,16.6
01-10-2013,15.54
02-10-2013,16.6
03-10-2013,17.67
04-10-2013,16.74
07-10-2013,19.41
08-10-2013,20.34
09-10-2013,19.6
10-10-2013,16.48
11-10-2013,15.72
14-10-2013,16.07
15-10-2013,18.66
16-10-2013,14.71
17-10-2013,13.48
18-10-2013,13.04
21-10-2013,13.16
22-10-2013,13.33
23-10-2013,13.42
24-10-2013,13.2
25-10-2013,13.09
28-10-2013,13.31
29-10-2013,13.41
30-10-2013,13.65
31-10-2013,13.75
01-11-2013,13.28
04-11-2013,12.93
05-11-2013,13.27
06-11-2013,12.67
07-11-2013,13.91
08-11-2013,12.9
11-11-2013,12.53
12-11-2013,12.82
13-11-2013,12.52
14-11-2013,12.37
15-11-2013,12.19
18-11-2013,13.1
19-11-2013,13.39
20-11-2013,13.4
21-11-2013,12.66
22-11-2013,12.26
25-11-2013,12.79
26-11-2013,12.81
27-11-2013,12.98
29-11-2013,13.7
02-12-2013,14.23
03-12-2013,14.55
04-12-2013,14.7
05-12-2013,15.08
06-12-2013,13.79
09-12-2013,13.49
10-12-2013,13.91
11-12-2013,15.42
12-12-2013,15.54
13-12-2013,15.76
16-12-2013,16.030001
17-12-2013,16.209999
18-12-2013,13.8
19-12-2013,14.15
20-12-2013,13.79
23-12-2013,13.04
24-12-2013,12.48
26-12-2013,12.33
27-12-2013,12.46
30-12-2013,13.56
31-12-2013,13.72
02-01-2014,14.23
03-01-2014,13.76
06-01-2014,13.55
07-01-2014,12.92
08-01-2014,12.87
09-01-2014,12.89
10-01-2014,12.14
13-01-2014,13.28
14-01-2014,12.28
15-01-2014,12.28
16-01-2014,12.53
17-01-2014,12.44
21-01-2014,12.87
22-01-2014,12.84
23-01-2014,13.77
24-01-2014,18.139999
27-01-2014,17.42
28-01-2014,15.8
29-01-2014,17.35
30-01-2014,17.290001
31-01-2014,18.41
03-02-2014,21.440001
04-02-2014,19.110001
05-02-2014,19.950001
06-02-2014,17.23
07-02-2014,15.29
10-02-2014,15.26
11-02-2014,14.51
12-02-2014,14.3
13-02-2014,14.14
14-02-2014,13.57
18-02-2014,13.87
19-02-2014,15.5
20-02-2014,14.79
21-02-2014,14.68
24-02-2014,14.23
25-02-2014,13.67
26-02-2014,14.35
27-02-2014,14.04
28-02-2014,14
03-03-2014,16
04-03-2014,14.1
05-03-2014,13.89
06-03-2014,14.21
07-03-2014,14.11
10-03-2014,14.2
11-03-2014,14.8
12-03-2014,14.47
13-03-2014,16.219999
14-03-2014,17.82
17-03-2014,15.64
18-03-2014,14.52
19-03-2014,15.12
20-03-2014,14.52
21-03-2014,15
24-03-2014,15.09
25-03-2014,14.02
26-03-2014,14.93
27-03-2014,14.62
28-03-2014,14.41
31-03-2014,13.88
01-04-2014,13.1
02-04-2014,13.09
03-04-2014,13.37
04-04-2014,13.96
07-04-2014,15.57
08-04-2014,14.89
09-04-2014,13.82
10-04-2014,15.89
11-04-2014,17.030001
14-04-2014,16.110001
15-04-2014,15.61
16-04-2014,14.18
17-04-2014,13.36
21-04-2014,13.25
22-04-2014,13.19
23-04-2014,13.27
24-04-2014,13.32
25-04-2014,14.06
28-04-2014,13.97
29-04-2014,13.71
30-04-2014,13.41
01-05-2014,13.25
02-05-2014,12.91
05-05-2014,13.29
06-05-2014,13.8
07-05-2014,13.4
08-05-2014,13.43
09-05-2014,12.92
12-05-2014,12.23
13-05-2014,12.13
14-05-2014,12.17
15-05-2014,13.17
16-05-2014,12.44
19-05-2014,12.42
20-05-2014,12.96
21-05-2014,11.91
22-05-2014,12.03
23-05-2014,11.36
27-05-2014,11.51
28-05-2014,11.68
29-05-2014,11.57
30-05-2014,11.4
02-06-2014,11.58
03-06-2014,11.87
04-06-2014,12.08
05-06-2014,11.68
06-06-2014,10.73
09-06-2014,11.15
10-06-2014,10.99
11-06-2014,11.6
12-06-2014,12.56
13-06-2014,12.18
16-06-2014,12.65
17-06-2014,12.06
18-06-2014,10.61
19-06-2014,10.62
20-06-2014,10.85
23-06-2014,10.98
24-06-2014,12.13
25-06-2014,11.59
26-06-2014,11.63
27-06-2014,11.26
30-06-2014,11.57
01-07-2014,11.15
02-07-2014,10.82
03-07-2014,10.32
07-07-2014,11.33
08-07-2014,11.98
09-07-2014,11.65
10-07-2014,12.59
11-07-2014,12.08
14-07-2014,11.82
15-07-2014,11.96
16-07-2014,11
17-07-2014,14.54
18-07-2014,12.06
21-07-2014,12.81
22-07-2014,12.24
23-07-2014,11.52
24-07-2014,11.84
25-07-2014,12.69
28-07-2014,12.56
29-07-2014,13.28
30-07-2014,13.33
31-07-2014,16.950001
01-08-2014,17.030001
04-08-2014,15.12
05-08-2014,16.870001
06-08-2014,16.370001
07-08-2014,16.66
08-08-2014,15.77
11-08-2014,14.23
12-08-2014,14.13
13-08-2014,12.9
14-08-2014,12.42
15-08-2014,13.15
18-08-2014,12.32
19-08-2014,12.21
20-08-2014,11.78
21-08-2014,11.76
22-08-2014,11.47
25-08-2014,11.7
26-08-2014,11.63
27-08-2014,11.78
28-08-2014,12.05
29-08-2014,12.09
02-09-2014,12.25
03-09-2014,12.36
04-09-2014,12.64
05-09-2014,12.09
08-09-2014,12.66
09-09-2014,13.5
10-09-2014,12.88
11-09-2014,12.8
12-09-2014,13.31
15-09-2014,14.12
16-09-2014,12.73
17-09-2014,12.65
18-09-2014,12.03
19-09-2014,12.11
22-09-2014,13.69
23-09-2014,14.93
24-09-2014,13.27
25-09-2014,15.64
26-09-2014,14.85
29-09-2014,15.98
30-09-2014,16.309999
01-10-2014,16.709999
02-10-2014,16.16
03-10-2014,14.55
06-10-2014,15.46
07-10-2014,17.200001
08-10-2014,15.11
09-10-2014,18.76
10-10-2014,21.24
13-10-2014,24.639999
14-10-2014,22.790001
15-10-2014,25.27
16-10-2014,25.200001
17-10-2014,21.99
20-10-2014,18.57
21-10-2014,16.08
22-10-2014,17.870001
23-10-2014,16.530001
24-10-2014,16.110001
27-10-2014,16.040001
28-10-2014,14.39
29-10-2014,15.15
30-10-2014,14.52
31-10-2014,14.03
03-11-2014,14.73
04-11-2014,14.89
05-11-2014,14.17
06-11-2014,13.67
07-11-2014,13.12
10-11-2014,12.67
11-11-2014,12.92
12-11-2014,13.02
13-11-2014,13.79
14-11-2014,13.31
17-11-2014,13.99
18-11-2014,13.86
19-11-2014,13.96
20-11-2014,13.58
21-11-2014,12.9
24-11-2014,12.62
25-11-2014,12.25
26-11-2014,12.07
28-11-2014,13.33
01-12-2014,14.16
02-12-2014,12.85
03-12-2014,12.5
04-12-2014,12.38
05-12-2014,11.89
08-12-2014,14.21
09-12-2014,15.35
10-12-2014,18.530001
11-12-2014,20.08
12-12-2014,21.08
15-12-2014,20.42
16-12-2014,23.57
17-12-2014,19.440001
18-12-2014,16.809999
19-12-2014,16.49
22-12-2014,15.25
23-12-2014,14.8
24-12-2014,14.37
26-12-2014,14.5
29-12-2014,15.06
30-12-2014,15.92
31-12-2014,19.200001
02-01-2015,17.790001
05-01-2015,19.92
06-01-2015,21.120001
07-01-2015,19.309999
08-01-2015,17.01
09-01-2015,17.549999
12-01-2015,19.6
13-01-2015,20.559999
14-01-2015,21.48
15-01-2015,22.389999
16-01-2015,20.950001
20-01-2015,19.889999
21-01-2015,18.85
22-01-2015,16.4
23-01-2015,16.66
26-01-2015,15.52
27-01-2015,17.219999
28-01-2015,20.440001
29-01-2015,18.76
30-01-2015,20.969999
02-02-2015,19.43
03-02-2015,17.33
04-02-2015,18.33
05-02-2015,16.85
06-02-2015,17.290001
09-02-2015,18.549999
10-02-2015,17.23
11-02-2015,16.959999
12-02-2015,15.34
13-02-2015,14.69
17-02-2015,15.8
18-02-2015,15.45
19-02-2015,15.29
20-02-2015,14.3
23-02-2015,14.56
24-02-2015,13.69
25-02-2015,13.84
26-02-2015,13.91
27-02-2015,13.34
02-03-2015,13.04
03-03-2015,13.86
04-03-2015,14.23
05-03-2015,14.04
06-03-2015,15.2
09-03-2015,15.06
10-03-2015,16.690001
11-03-2015,16.870001
12-03-2015,15.42
13-03-2015,16
16-03-2015,15.61
17-03-2015,15.66
18-03-2015,13.97
19-03-2015,14.07
20-03-2015,13.02
23-03-2015,13.41
24-03-2015,13.62
25-03-2015,15.44
26-03-2015,15.8
27-03-2015,15.07
30-03-2015,14.51
31-03-2015,15.29
01-04-2015,15.11
02-04-2015,14.67
06-04-2015,14.74
07-04-2015,14.78
08-04-2015,13.98
09-04-2015,13.09
10-04-2015,12.58
13-04-2015,13.94
14-04-2015,13.67
15-04-2015,12.84
16-04-2015,12.6
17-04-2015,13.89
20-04-2015,13.3
21-04-2015,13.25
22-04-2015,12.71
23-04-2015,12.48
24-04-2015,12.29
27-04-2015,13.12
28-04-2015,12.41
29-04-2015,13.39
30-04-2015,14.55
01-05-2015,12.7
04-05-2015,12.85
05-05-2015,14.31
06-05-2015,15.15
07-05-2015,15.13
08-05-2015,12.86
11-05-2015,13.85
12-05-2015,13.86
13-05-2015,13.76
14-05-2015,12.74
15-05-2015,12.38
18-05-2015,12.73
19-05-2015,12.85
20-05-2015,12.88
21-05-2015,12.11
22-05-2015,12.13
26-05-2015,14.06
27-05-2015,13.27
28-05-2015,13.31
29-05-2015,13.84
01-06-2015,13.97
02-06-2015,14.24
03-06-2015,13.66
04-06-2015,14.71
05-06-2015,14.21
08-06-2015,15.29
09-06-2015,14.47
10-06-2015,13.22
11-06-2015,12.85
12-06-2015,13.78
15-06-2015,15.39
16-06-2015,14.81
17-06-2015,14.5
18-06-2015,13.19
19-06-2015,13.96
22-06-2015,12.74
23-06-2015,12.11
24-06-2015,13.26
25-06-2015,14.01
26-06-2015,14.02
29-06-2015,18.85
30-06-2015,18.23
01-07-2015,16.09
02-07-2015,16.790001
06-07-2015,17.01
07-07-2015,16.09
08-07-2015,19.66
09-07-2015,19.969999
10-07-2015,16.83
13-07-2015,13.9
14-07-2015,13.37
15-07-2015,13.23
16-07-2015,12.11
17-07-2015,11.95
20-07-2015,12.25
21-07-2015,12.22
22-07-2015,12.12
23-07-2015,12.64
24-07-2015,13.74
27-07-2015,15.6
28-07-2015,13.44
29-07-2015,12.5
30-07-2015,12.13
31-07-2015,12.12
03-08-2015,12.56
04-08-2015,13
05-08-2015,12.51
06-08-2015,13.77
07-08-2015,13.39
10-08-2015,12.23
11-08-2015,13.71
12-08-2015,13.61
13-08-2015,13.49
14-08-2015,12.83
17-08-2015,13.02
18-08-2015,13.79
19-08-2015,15.25
20-08-2015,19.139999
21-08-2015,28.030001
24-08-2015,40.740002
25-08-2015,36.02
26-08-2015,30.32
27-08-2015,26.1
28-08-2015,26.049999
31-08-2015,28.43
01-09-2015,31.4
02-09-2015,26.09
03-09-2015,25.610001
04-09-2015,27.799999
08-09-2015,24.9
09-09-2015,26.23
10-09-2015,24.370001
11-09-2015,23.200001
14-09-2015,24.25
15-09-2015,22.540001
16-09-2015,21.35
17-09-2015,21.139999
18-09-2015,22.280001
21-09-2015,20.139999
22-09-2015,22.440001
23-09-2015,22.129999
24-09-2015,23.469999
25-09-2015,23.620001
28-09-2015,27.629999
29-09-2015,26.83
30-09-2015,24.5
01-10-2015,22.549999
02-10-2015,20.940001
05-10-2015,19.540001
06-10-2015,19.4
07-10-2015,18.4
08-10-2015,17.42
09-10-2015,17.08
12-10-2015,16.17
13-10-2015,17.67
14-10-2015,18.030001
15-10-2015,16.049999
16-10-2015,15.05
19-10-2015,14.98
20-10-2015,15.75
21-10-2015,16.700001
22-10-2015,14.45
23-10-2015,14.46
26-10-2015,15.29
27-10-2015,15.43
28-10-2015,14.33
29-10-2015,14.61
30-10-2015,15.07
02-11-2015,14.15
03-11-2015,14.54
04-11-2015,15.51
05-11-2015,15.05
06-11-2015,14.33
09-11-2015,16.52
10-11-2015,15.29
11-11-2015,16.059999
12-11-2015,18.370001
13-11-2015,20.08
16-11-2015,18.16
17-11-2015,18.84
18-11-2015,16.85
19-11-2015,16.99
20-11-2015,15.47
23-11-2015,15.62
24-11-2015,15.93
25-11-2015,15.19
27-11-2015,15.12
30-11-2015,16.129999
01-12-2015,14.67
02-12-2015,15.91
03-12-2015,18.110001
04-12-2015,14.81
07-12-2015,15.84
08-12-2015,17.6
09-12-2015,19.610001
10-12-2015,19.34
11-12-2015,24.389999
14-12-2015,22.73
15-12-2015,20.950001
16-12-2015,17.860001
17-12-2015,18.940001
18-12-2015,20.700001
21-12-2015,18.700001
22-12-2015,16.6
23-12-2015,15.57
24-12-2015,15.74
28-12-2015,16.91
29-12-2015,16.08
30-12-2015,17.290001
31-12-2015,18.209999
04-01-2016,20.700001
05-01-2016,19.34
06-01-2016,20.59
07-01-2016,24.99
08-01-2016,27.01
11-01-2016,24.299999
12-01-2016,22.469999
13-01-2016,25.219999
14-01-2016,23.950001
15-01-2016,27.02
19-01-2016,26.049999
20-01-2016,27.59
21-01-2016,26.690001
22-01-2016,22.34
25-01-2016,24.15
26-01-2016,22.5
27-01-2016,23.110001
28-01-2016,22.42
29-01-2016,20.200001
01-02-2016,19.98
02-02-2016,21.98
03-02-2016,21.65
04-02-2016,21.84
05-02-2016,23.379999
08-02-2016,26
09-02-2016,26.540001
10-02-2016,26.290001
11-02-2016,28.139999
12-02-2016,25.4
16-02-2016,24.110001
17-02-2016,22.309999
18-02-2016,21.639999
19-02-2016,20.530001
22-02-2016,19.379999
23-02-2016,20.98
24-02-2016,20.719999
25-02-2016,19.110001
26-02-2016,19.809999
29-02-2016,20.549999
01-03-2016,17.700001
02-03-2016,17.09
03-03-2016,16.700001
04-03-2016,16.860001
07-03-2016,17.35
08-03-2016,18.67
09-03-2016,18.34
10-03-2016,18.049999
11-03-2016,16.5
14-03-2016,16.92
15-03-2016,16.84
16-03-2016,14.99
17-03-2016,14.44
18-03-2016,14.02
21-03-2016,13.79
22-03-2016,14.17
23-03-2016,14.94
24-03-2016,14.74
28-03-2016,15.24
29-03-2016,13.82
30-03-2016,13.56
31-03-2016,13.95
01-04-2016,13.1
04-04-2016,14.12
05-04-2016,15.42
06-04-2016,14.09
07-04-2016,16.16
08-04-2016,15.36
11-04-2016,16.26
12-04-2016,14.85
13-04-2016,13.84
14-04-2016,13.72
15-04-2016,13.62
18-04-2016,13.35
19-04-2016,13.24
20-04-2016,13.28
21-04-2016,13.95
22-04-2016,13.22
25-04-2016,14.08
26-04-2016,13.96
27-04-2016,13.77
28-04-2016,15.22
29-04-2016,15.7
02-05-2016,14.68
03-05-2016,15.6
04-05-2016,16.049999
05-05-2016,15.91
06-05-2016,14.72
09-05-2016,14.57
10-05-2016,13.63
11-05-2016,14.69
12-05-2016,14.41
13-05-2016,15.04
16-05-2016,14.68
17-05-2016,15.57
18-05-2016,15.95
19-05-2016,16.33
20-05-2016,15.2
23-05-2016,15.82
24-05-2016,14.42
25-05-2016,13.9
26-05-2016,13.43
27-05-2016,13.12
31-05-2016,14.19
01-06-2016,14.2
02-06-2016,13.63
03-06-2016,13.47
06-06-2016,13.65
07-06-2016,14.05
08-06-2016,14.08
09-06-2016,14.64
10-06-2016,17.030001
13-06-2016,20.969999
14-06-2016,20.5
15-06-2016,20.139999
16-06-2016,19.370001
17-06-2016,19.41
20-06-2016,18.370001
21-06-2016,18.48
22-06-2016,21.17
23-06-2016,17.25
24-06-2016,25.76
27-06-2016,23.85
28-06-2016,18.75
29-06-2016,16.639999
30-06-2016,15.63
01-07-2016,14.77
05-07-2016,15.58
06-07-2016,14.96
07-07-2016,14.76
08-07-2016,13.2
11-07-2016,13.54
12-07-2016,13.55
13-07-2016,13.04
14-07-2016,12.82
15-07-2016,12.67
18-07-2016,12.44
19-07-2016,11.97
20-07-2016,11.77
21-07-2016,12.74
22-07-2016,12.02
25-07-2016,12.87
26-07-2016,13.05
27-07-2016,12.83
28-07-2016,12.72
29-07-2016,11.87
01-08-2016,12.44
02-08-2016,13.37
03-08-2016,12.86
04-08-2016,12.42
05-08-2016,11.39
08-08-2016,11.5
09-08-2016,11.66
10-08-2016,12.05
11-08-2016,11.68
12-08-2016,11.55
15-08-2016,11.81
16-08-2016,12.64
17-08-2016,12.19
18-08-2016,11.43
19-08-2016,11.34
22-08-2016,12.27
23-08-2016,12.38
24-08-2016,13.45
25-08-2016,13.63
26-08-2016,13.65
29-08-2016,12.94
30-08-2016,13.12
31-08-2016,13.42
01-09-2016,13.48
02-09-2016,11.98
06-09-2016,12.02
07-09-2016,11.94
08-09-2016,12.51
09-09-2016,17.5
12-09-2016,15.16
13-09-2016,17.85
14-09-2016,18.139999
15-09-2016,16.299999
16-09-2016,15.37
19-09-2016,15.53
20-09-2016,15.92
21-09-2016,13.3
22-09-2016,12.02
23-09-2016,12.29
26-09-2016,14.5
27-09-2016,13.1
28-09-2016,12.39
29-09-2016,14.02
30-09-2016,13.29
03-10-2016,13.57
04-10-2016,13.63
05-10-2016,12.99
06-10-2016,12.84
07-10-2016,13.48
10-10-2016,13.38
11-10-2016,15.36
12-10-2016,15.91
13-10-2016,16.690001
14-10-2016,16.120001
17-10-2016,16.209999
18-10-2016,15.28
19-10-2016,14.41
20-10-2016,13.75
21-10-2016,13.34
24-10-2016,13.02
25-10-2016,13.46
26-10-2016,14.24
27-10-2016,15.36
28-10-2016,16.190001
31-10-2016,17.059999
01-11-2016,18.559999
02-11-2016,19.32
03-11-2016,22.08
04-11-2016,22.51
07-11-2016,18.709999
08-11-2016,18.74
09-11-2016,14.38
10-11-2016,14.74
11-11-2016,14.17
14-11-2016,14.48
15-11-2016,13.37
16-11-2016,13.72
17-11-2016,13.35
18-11-2016,12.85
21-11-2016,12.42
22-11-2016,12.41
23-11-2016,12.43
25-11-2016,12.34
28-11-2016,13.15
29-11-2016,12.9
30-11-2016,13.33
01-12-2016,14.07
02-12-2016,14.12
05-12-2016,12.14
06-12-2016,11.79
07-12-2016,12.22
08-12-2016,12.64
09-12-2016,11.75
12-12-2016,12.64
13-12-2016,12.72
14-12-2016,13.19
15-12-2016,12.79
16-12-2016,12.2
19-12-2016,11.71
20-12-2016,11.45
21-12-2016,11.27
22-12-2016,11.43
23-12-2016,11.44
27-12-2016,11.99
28-12-2016,12.95
29-12-2016,13.37
30-12-2016,14.04
03-01-2017,12.85
04-01-2017,11.85
05-01-2017,11.67
06-01-2017,11.32
09-01-2017,11.56
10-01-2017,11.49
11-01-2017,11.26
12-01-2017,11.54
13-01-2017,11.23
17-01-2017,11.87
18-01-2017,12.48
19-01-2017,12.78
20-01-2017,11.54
23-01-2017,11.77
24-01-2017,11.07
25-01-2017,10.81
26-01-2017,10.63
27-01-2017,10.58
30-01-2017,11.88
31-01-2017,11.99
01-02-2017,11.81
02-02-2017,11.93
03-02-2017,10.97
06-02-2017,11.37
07-02-2017,11.29
08-02-2017,11.45
09-02-2017,10.88
10-02-2017,10.85
13-02-2017,11.07
14-02-2017,10.74
15-02-2017,11.97
16-02-2017,11.76
17-02-2017,11.49
21-02-2017,11.57
22-02-2017,11.74
23-02-2017,11.71
24-02-2017,11.47
27-02-2017,12.09
28-02-2017,12.92
01-03-2017,12.54
02-03-2017,11.81
03-03-2017,10.96
06-03-2017,11.24
07-03-2017,11.45
08-03-2017,11.86
09-03-2017,12.3
10-03-2017,11.66
13-03-2017,11.35
14-03-2017,12.3
15-03-2017,11.63
16-03-2017,11.21
17-03-2017,11.28
20-03-2017,11.34
21-03-2017,12.47
22-03-2017,12.81
23-03-2017,13.12
24-03-2017,12.96
27-03-2017,12.5
28-03-2017,11.53
29-03-2017,11.42
30-03-2017,11.54
31-03-2017,12.37
03-04-2017,12.38
04-04-2017,11.79
05-04-2017,12.89
06-04-2017,12.39
07-04-2017,12.87
10-04-2017,14.05
11-04-2017,15.07
12-04-2017,15.77
13-04-2017,15.96
17-04-2017,14.66
18-04-2017,14.42
19-04-2017,14.93
20-04-2017,14.15
21-04-2017,14.63
24-04-2017,10.84
25-04-2017,10.76
26-04-2017,10.85
27-04-2017,10.36
28-04-2017,10.82
01-05-2017,10.11
02-05-2017,10.59
03-05-2017,10.68
04-05-2017,10.46
05-05-2017,10.57
08-05-2017,9.77
09-05-2017,9.96
10-05-2017,10.21
11-05-2017,10.6
12-05-2017,10.4
15-05-2017,10.42
16-05-2017,10.65
17-05-2017,15.59
18-05-2017,14.66
19-05-2017,12.04
22-05-2017,10.93
23-05-2017,10.72
24-05-2017,10.02
25-05-2017,9.99
26-05-2017,9.81
30-05-2017,10.38
31-05-2017,10.41
01-06-2017,9.89
02-06-2017,9.75
05-06-2017,10.07
06-06-2017,10.45
07-06-2017,10.39
08-06-2017,10.16
09-06-2017,10.7
12-06-2017,11.46
13-06-2017,10.42
14-06-2017,10.64
15-06-2017,10.9
16-06-2017,10.38
19-06-2017,10.37
20-06-2017,10.86
21-06-2017,10.75
22-06-2017,10.48
23-06-2017,10.02
26-06-2017,9.9
27-06-2017,11.06
28-06-2017,10.03
29-06-2017,11.44
30-06-2017,11.18
03-07-2017,11.22
05-07-2017,11.07
06-07-2017,12.54
07-07-2017,11.19
10-07-2017,11.11
11-07-2017,10.89
12-07-2017,10.3
13-07-2017,9.9
14-07-2017,9.51
17-07-2017,9.82
18-07-2017,9.89
19-07-2017,9.79
20-07-2017,9.58
21-07-2017,9.36
24-07-2017,9.43
25-07-2017,9.43
26-07-2017,9.6
27-07-2017,10.11
28-07-2017,10.29
31-07-2017,10.26
01-08-2017,10.09
02-08-2017,10.28
03-08-2017,10.44
04-08-2017,10.03
07-08-2017,9.93
08-08-2017,10.96
09-08-2017,11.11
10-08-2017,16.040001
11-08-2017,15.51
14-08-2017,12.33
15-08-2017,12.04
16-08-2017,11.74
17-08-2017,15.55
18-08-2017,14.26
21-08-2017,13.19
22-08-2017,11.35
23-08-2017,12.25
24-08-2017,12.23
25-08-2017,11.28
28-08-2017,11.32
29-08-2017,11.7
30-08-2017,11.22
31-08-2017,10.59
01-09-2017,10.13
05-09-2017,12.23
06-09-2017,11.63
07-09-2017,11.55
08-09-2017,12.12
11-09-2017,10.73
12-09-2017,10.58
13-09-2017,10.5
14-09-2017,10.44
15-09-2017,10.17
18-09-2017,10.15
19-09-2017,10.18
20-09-2017,9.78
21-09-2017,9.67
22-09-2017,9.59
25-09-2017,10.21
26-09-2017,10.17
27-09-2017,9.87
28-09-2017,9.55
29-09-2017,9.51
02-10-2017,9.45
03-10-2017,9.51
04-10-2017,9.63
05-10-2017,9.19
06-10-2017,9.65
09-10-2017,10.33
10-10-2017,10.08
11-10-2017,9.85
12-10-2017,9.91
13-10-2017,9.61
16-10-2017,9.91
17-10-2017,10.31
18-10-2017,10.07
19-10-2017,10.05
20-10-2017,9.97
23-10-2017,11.07
24-10-2017,11.16
25-10-2017,11.23
26-10-2017,11.3
27-10-2017,9.8
30-10-2017,10.5
31-10-2017,10.18
01-11-2017,10.2
02-11-2017,9.93
03-11-2017,9.14
06-11-2017,9.4
07-11-2017,9.89
08-11-2017,9.78
09-11-2017,10.5
10-11-2017,11.29
13-11-2017,11.5
14-11-2017,11.59
15-11-2017,13.13
16-11-2017,11.76
17-11-2017,11.43
20-11-2017,10.65
21-11-2017,9.73
22-11-2017,9.88
24-11-2017,9.67
27-11-2017,9.87
28-11-2017,10.03
29-11-2017,10.7
30-11-2017,11.28
01-12-2017,11.43
04-12-2017,11.68
05-12-2017,11.33
06-12-2017,11.02
07-12-2017,10.16
08-12-2017,9.58
11-12-2017,9.34
12-12-2017,9.92
13-12-2017,10.18
14-12-2017,10.49
15-12-2017,9.42
18-12-2017,9.53
19-12-2017,10.03
20-12-2017,9.72
21-12-2017,9.62
22-12-2017,9.9
26-12-2017,10.25
27-12-2017,10.47
28-12-2017,10.18
29-12-2017,11.04
02-01-2018,9.77
03-01-2018,9.15
04-01-2018,9.22
05-01-2018,9.22
08-01-2018,9.52
09-01-2018,10.08
10-01-2018,9.82
11-01-2018,9.88
12-01-2018,10.16
16-01-2018,11.66
17-01-2018,11.91
18-01-2018,12.22
19-01-2018,11.27
22-01-2018,11.03
23-01-2018,11.1
24-01-2018,11.47
25-01-2018,11.58
26-01-2018,11.08
29-01-2018,13.84
30-01-2018,14.79
31-01-2018,13.54
01-02-2018,13.47
02-02-2018,17.309999
05-02-2018,37.32
06-02-2018,29.98
07-02-2018,27.73
08-02-2018,33.459999
09-02-2018,29.059999
12-02-2018,25.610001
13-02-2018,24.969999
14-02-2018,19.26
15-02-2018,19.129999
16-02-2018,19.459999
20-02-2018,20.6
21-02-2018,20.02
22-02-2018,18.719999
23-02-2018,16.49
26-02-2018,15.8
27-02-2018,18.59
28-02-2018,19.85
01-03-2018,22.469999
02-03-2018,19.59
05-03-2018,18.73
06-03-2018,18.360001
07-03-2018,17.76
08-03-2018,16.540001
09-03-2018,14.64
12-03-2018,15.78
13-03-2018,16.35
14-03-2018,17.23
15-03-2018,16.59
16-03-2018,15.8
19-03-2018,19.02
20-03-2018,18.200001
21-03-2018,17.860001
22-03-2018,23.34
23-03-2018,24.870001
26-03-2018,21.030001
27-03-2018,22.5
28-03-2018,22.870001
29-03-2018,19.969999
